listingId,title,location,url,price,rating,reviewsCount,host,superhost,contactUrl,amenities,descriptionSnippet,folder,lat,lng
1184020798986018429,Josy’s Place,"Share
Save",https://www.airbnb.com/rooms/1184020798986018429,,,,Doreen,False,https://www.airbnb.com/contact_host/1184020798986018429/send_message,,,airbnb_data\Share_Save_1184020798986018429,-20.15664,28.61919
1198519366188514758,The Residence41,"Share
Save",https://www.airbnb.com/rooms/1198519366188514758,Decor 5,,,Sandra,True,https://www.airbnb.com/contact_host/1198519366188514758/send_message,,,airbnb_data\Share_Save_1198519366188514758,-20.1562,28.5942
611904668168720124,PalmPlace-3bed 3bath,"Share
Save",https://www.airbnb.com/rooms/611904668168720124,,,,Mufaro,True,,,,airbnb_data\Share_Save_611904668168720124,-20.196,28.6033
1696194724010320292,The Golden Palace,"Share
Save",https://www.airbnb.com/rooms/1696194724010320292,,,,Jilson,False,,,,airbnb_data\Share_Save_1696194724010320292,-20.119,28.6314
4040223,Baobab House - Solar - Starlink- Borehole,"Share
Save",https://www.airbnb.com/rooms/4040223,,,,Anne,True,,,,airbnb_data\Share_Save_4040223,-20.18823,28.58148
1668795774551788542,Canvas loft 3,"Share
Save",https://www.airbnb.com/rooms/1668795774551788542,,,,Mandy,True,,,,airbnb_data\Share_Save_1668795774551788542,-20.1724,28.5867
13908492,Savour Mountain Views at a Chic Sea Point Retreat,"Share
Save",https://www.airbnb.com/rooms/13908492,,,,Richenda,True,https://www.airbnb.com/contact_host/13908492/send_message,,,airbnb_data\Share_Save_13908492,-33.9103,18.3954
1424076236990383141,The Palm Nest,"Share
Save",https://www.airbnb.com/rooms/1424076236990383141,Decor 8,,,Sinini,True,https://www.airbnb.com/contact_host/1424076236990383141/send_message,,,airbnb_data\Share_Save_1424076236990383141,-20.105781633730743,28.639382388840744
1054843913930492965,"Eddiel's Nest, pristine & spacious 3BR w/ pool","Share
Save",https://www.airbnb.com/rooms/1054843913930492965,,,,Busi,True,,,,airbnb_data\Share_Save_1054843913930492965,-20.1613,28.6141
1153692229287647356,Seacliffe on Two - 10 Seacliffe Road - Bantry Bay,"Share
Save",https://www.airbnb.com/rooms/1153692229287647356,"Renovated in 2018, Seacliffe on Two is a luxury 3-bedroom, 3.5-bathroom apartment in wind-free Bantry Bay, perfectly located between Sea Point and Clifton/Camps Bay. Nestled on a quiet road, it offers breathtaking ocean views and premium comfort where you can see, smell, and hear the sea. Fully furnished with FREE secure parking for 2 vehicles, uncapped high-speed WiFi, and reliable BACKUP POWER during outages, this stylish retreat ensures convenience and relaxation with every stay. The space Recently renovated Seacliffe on Two is located on the second level and offers exquisite views and sounds of the ocean from the lounge/dining room and two ocean facing bedrooms. The over sized bay window in the lounge frames the view of the Atlantic into a picture you will never forget. The three bedroom, three and a half bathroom apartment is larger than most three bedroom apartments as it was converted from two separate apartments and have been finished in a chic retro style with polished curved surfaces, luxurious wood and marbled finishes. The kitchen is fully equipped with appliances and all cookware needed for self catering, including a dishwasher, washing machine, dryer, for your convenience. Each of the three bedrooms has an en-suite and all the bedrooms has been decorated in neutral tones with a semi hotel feel. The apartment has 24hr security cameras and each entrance/exit point of the complex is accessed with security tags. Two parking spaces is available in the secured complex, one covered and one open. Elevators are accessed from the entrance level to all floors. One elevator has backup power and will be operational during power outages. Located on the Bantry Bay beach front, Seacliffe is but minutes away from Clifton and Camps Bay, with the Waterfront and the CBD a 10-15 min drive. Best Features: 1. Fantastic ocean views 2. Location is superb 3. Complex has great security with CCTV 4. Two secure parking spots – 1 covered, 1 uncovered 5. Spacious for an apartment 6. Complex is well managed and maintained 7. Free WiFi - UNCAPPED 600/600 mbps speed 8. Stayover cleaning can be arranged for an additional fee. 9. Backup power during power outages - appliances that generate heat will not be operational during power outages. Good news: I have inverters and lithium batteries inside my apartment to keep the basics going during power outages. What will work: lights/TV's/wifi/fridges/power outlets (no appliances that generate heat). What will not work: geysers/stove/oven/kettle/coffee maker/heaters - please unplug heaters during power outages. The system is automated and will automatically kick in when the power goes out. Apartment Layout: •Entrance •Kitchen •Guest Bathroom •Lounge/Dining Room •Master Bedroom – 2 x Twin Beds or a King Bed with TV and safe – Bathroom with Shower – Ocean Facing •2nd Bedroom – Queen Bed with TV and safe – Bathroom with Shower – Ocean Facing •3rd Bedroom – 2 x Twin Beds or a King Bed with TV and safe – Bathroom with Bathtub Distances: Cape Town International Airport 24.7km Clifton Beaches 2.4km Camps Bay Beach 4.5km V&A Waterfront 7km Cape Town Stadium 4.5km Cape Town International Convention Center 6.3km Table Mountain 7.5km Cape Town International Convention Center 6.3km Long Street 6.8km US Consulate General 30.2km Parliament 7.6km Canal Walk Mall 16km Guest access Entire apartment Other things to note The cost to clean the apartment on DEPARTURE has been included in your quoted rate and is marked as ""Cleaning Fee"". Stayover cleaning can be arranged for an additional fee directly with my cleaning lady and is not included in your booking rate. Although tipping is not customary in South Africa, it is always appreciated should you feel it appropriate. Heads‑up: On the last Tuesday of each month, between 10:00 and 12:00, window cleaners will be working outside the apartment (weather permitting). If the day falls on a public holiday, cleaning will be skipped. Guests may see the cleaners during this time, so please be mindful of privacy and close the shutters if you prefer. Electronic tags and remotes are used to access the building. Please take this in to consideration if you observe any religious days/holidays that limits your use of technology. The building manager/caretaker of the building can not assist with the opening of any door/s during the observance of the days mentioned. The elevator undergoes regular servicing and is not operational during that service session (few hours). The staircase must be used during these incidents. One elevator has backup power and will be operational during power outages. Good news: I have inverters and lithium batteries inside my apartment to keep the basics going during power outages. What will work: lights/TV's/wifi/fridges/power outlets (no appliances that generate heat). What will not work: geysers/stove/oven/kettle/coffee maker/heaters. The system is automated and will automatically kick in when the power goes out.",,,Aj,False,https://www.airbnb.com/contact_host/1153692229287647356/send_message,,"About this space
Renovated in 2018, Seacliffe on Two is a luxury 3-bedroom, 3.5-bathroom apartment in wind-free Bantry Bay, perfectly located between Sea Point and Clifton/Camps Bay. Nestled on a quie",airbnb_data\Share_Save_1153692229287647356,-33.92622,18.37767
1283185286515173382,Rochester House - Number 8,"Share
Save",https://www.airbnb.com/rooms/1283185286515173382,Rochester House - Number 8,,,Werner,False,https://www.airbnb.com/contact_host/1283185286515173382/send_message,,,airbnb_data\Share_Save_1283185286515173382,-33.9243,18.3812
1305547299131556756,Chic Designer Apt in Green Point,"Share
Save",https://www.airbnb.com/rooms/1305547299131556756,,,,Chris,True,,,,airbnb_data\Share_Save_1305547299131556756,-33.9101,18.4125
1469343994709446140,Three Anchor Heart - Unit 1 (Queen),"Share
Save",https://www.airbnb.com/rooms/1469343994709446140,Decor 11,,,Christelle,False,,,"About this space
Three Anchor Heart is nestled in the heart of Cape Town, offering a central location:
- V&A Waterfront – 2.3 km
- Signal Hill – 1.7 km
- Table Mountain Aerial Cableway – 6.2 km
- Cape",airbnb_data\Share_Save_1469343994709446140,-33.91,18.398
1340376158120461429,"Nautical Horizon Studio - Rooftop Pool, & Aircon","Share
Save",https://www.airbnb.com/rooms/1340376158120461429,"•Uninterrupted Fast WiFi •Rooftop Pool •100m to Beach Perfectly positioned in Sea Point, this bright and airy studio apartment offers a thoughtfully designed space to relax and recharge as you explore all that Cape Town has to offer. If you need to recharge, take the elevator up to the rooftop deck, where you can chill by the communal pool with a good book or a cocktail while taking in spectacular panoramic views of Table Mountain and the endless Atlantic Ocean. The space Step into a luxurious 35m² Studio, where style meets functionality in perfect harmony. These thoughtfully designed spaces are a testament to modern innovation, offering an unparalleled living experience for any stay. that masterfully marries comfort with style, making it the ideal haven for both short and extended stays. The captivating open-plan design seamlessly merges the bedroom, kitchen and living areas, inviting you into a sophisticated yet cozy retreat featuring a plush bed and abundant storage, ensuring restful nights and clutter-free days. Unwind with your favorite shows on the Smart TV or channel your inner chef in the impeccably equipped kitchen. The sleek bathroom, complete with a modern walk-in shower, promises a spa-like experience every day. Nestled within the prestigious EIGHTY2 ON M, this residence not only offers unparalleled luxury but also supports your well-being with exclusive convenience of self-service laundry facilities, A breathtaking Rooftop Pool & Lounging area, and delightful Communal Spaces to socialize and unwind. This is your ultimate sanctuary, where elegance meets tranquility. Guest access EIGHTY2 ON M is exclusively available from Main Road, in Sea Point. Guests can enjoy peace of mind with 24/7 security, a dedicated concierge team and secure access control. Guests have access to their own private unit, as well as all shared spaces in the building, including the building's rooftop deck and pool, offering panoramic views! *Limited Paid parking Available subject to availability upon request at check-in Other things to note This property, and all other Airbnb's in Cape Town, experience loadshedding (scheduled power outages) regulated by the national power utility. To help minimise the impact this has on guests, this apartment has some measures in place for comfort: •A generator which will power all common areas, passage lights and elevators. •A portable power station which allow one to connect electrical devices (cell phones, laptops). •A UPS which backup the Wi-Fi allowing uninterrupted internet connection. •An LED light that will illuminate the apartment. •A concierge team to assist with notifications of scheduled power outages using a recommend mobile app.",,,EIGHTY,True,https://www.airbnb.com/contact_host/1340376158120461429/send_message,,"About this space
•Uninterrupted Fast WiFi
•Rooftop Pool
•100m to Beach

Perfectly positioned in Sea Point, this bright and airy studio apartment offers a thoughtfully designed space to relax and recha",airbnb_data\Share_Save_1340376158120461429,-33.9101,18.3942
1411591824436140561,"Sea, City & a taste of Culture!","Share
Save",https://www.airbnb.com/rooms/1411591824436140561,"Modern, design-led 35sqm apartment in a brand-new Sea Point development – one of Cape Town’s most sought-after seaside neighbourhoods. Just steps from the Promenade and under 5km from Bree Street’s food, wine and nightlife scene. Enjoy a rooftop pool with panoramic ocean, Lion’s Head and city views, plus a private balcony, lift access, Nespresso machine, curated honesty bar featuring Culture Wine Bar wines, record player, and premium towels & linens.",,,Jacques,True,https://www.airbnb.com/contact_host/1411591824436140561/send_message,,,airbnb_data\Share_Save_1411591824436140561,-33.9142,18.3913
1703616912880322331,Luxe Living at Ivanhoe,"Share
Save",https://www.airbnb.com/rooms/1703616912880322331,,,,Top Host Property Management,False,,,,airbnb_data\Share_Save_1703616912880322331,-33.9364,18.4056
1204195298315090369,Morningside Two Bedroom Apartment,"Share
Save",https://www.airbnb.com/rooms/1204195298315090369,,,,Angeline,True,https://www.airbnb.com/contact_host/1204195298315090369/send_message,,"About this space
Stylish & comfortable self-catering apartments offer a home away from home in a leafy suburb in Johannesburg.

Fully furnished 71 m² two-bedroom units feature a main bedroom with quee",airbnb_data\Share_Save_1204195298315090369,-26.07488,28.06643
1453143949632917825,Elegant 2 bedroom 2 bath Aptmnt With Complex Pool,"Share
Save",https://www.airbnb.com/rooms/1453143949632917825,,,,Tongayi,True,,,,airbnb_data\Share_Save_1453143949632917825,-26.0516,28.0579
1389297759205497942,Riv4. Spacious 2 Bed. Patio. Pool,"Share
Save",https://www.airbnb.com/rooms/1389297759205497942,,,,Miguel,True,https://www.airbnb.com/contact_host/1389297759205497942/send_message,,"About this space
Our spacious apartment with two bedrooms is suited for professionals travelling together or families in need of a quiet haven. Centrally located just off Rivonia Boulevard, Sandton.

",airbnb_data\Share_Save_1389297759205497942,-26.0602,28.0577
1392715988494872309,"92, 7 on Middle","Share
Save",https://www.airbnb.com/rooms/1392715988494872309,,,,Anna Properties,True,,,,airbnb_data\Share_Save_1392715988494872309,-26.0885,28.0627
1564199098164633818,Designer One Bed Apartment with City Views APT910,"Share
Save",https://www.airbnb.com/rooms/1564199098164633818,"An immaculate, fully furnished one-bed en-suite apartment situated on the 9th floor offering stunning views in the heart of the vibrant energy of Sandton. Sandton Skye is perfectly positioned with top-tier amenities at your doorstep offering the ultimate in lifestyle, comfort and convenience. The space Apartment Features Spacious open plan main bed en-suite. Open plan seating area with stunning views Sleek fully equipped modern kitchen Premium high end finishes Fully air-conditioned apartment One basement parking Exclusive amenities include 24-hour concierge, restaurant, cocktail bar, gym, pool, 24hour security & high speed fiber Sandton Skye offers the guests • 24 hour Concierge • The Codfather Restaurant • Sushi Bar • Indoor/outdoor Cocktail Bar • Gym • Outdoor Pool • 24 hr Guardhouse & Security • High Speed Fibre • Temperature controlled air-conditioning • Housekeeping & laundry available • Secure Basement Parking Guest access Guests arrive at the front entrance and can check in at the front desk. Key cards will be issued to access their apartment. Guests will be directed to the allocated basement parking from which they can take the elevators to the 9th floor to access apartment 910 Other things to note Sandton Skye is situated in the main hub of Sandton. Ubers are accessible to get anywhere and the main Gautrain is within a 3 min drive.",,,Grace,False,https://www.airbnb.com/contact_host/1564199098164633818/send_message,,"About this space
An immaculate, fully furnished one-bed en-suite apartment situated on the 9th floor offering stunning views in the heart of the vibrant energy of Sandton. Sandton Skye is perfectly po",airbnb_data\Share_Save_1564199098164633818,-26.0989,28.0534
1683291490069987654,The Link Rivonia 2 Bedroom,"Share
Save",https://www.airbnb.com/rooms/1683291490069987654,,,,Wilfred,False,https://www.airbnb.com/contact_host/1683291490069987654/send_message,,"Rated 5 out of 5 stars.
5.0
How reviews work
How reviews work
5 of 7 items showing
Overall rating
5 stars, 100% of reviews
5
4 stars, 0% of reviews
4
3 stars, 0% of reviews
3
2 stars, 0% of reviews
2
",airbnb_data\Share_Save_1683291490069987654,-26.0515,28.0607
1443430567149229975,Elegant Sandton Pad,"Share
Save",https://www.airbnb.com/rooms/1443430567149229975,,,,Phalo,True,,,,airbnb_data\Share_Save_1443430567149229975,-26.1067,28.0633
1581805311900937613,2BR APT|WIFI|Backup Water|Pool Gym-Sandton Royal,"Share
Save",https://www.airbnb.com/rooms/1581805311900937613,"Experience the pinnacle of urban luxury in this designer 2-bedroom apartment with the main bedroom en-suited, located in the upscale suburb of Sandton. The Sandton Royal offers stylish, high-end home designed for comfort, ideal for families, couples, and business travelers. •Stone away from Sandton City Mall & Nelson Mandela Sq ( 5-10mins dr) •Fast WiFi and Netflix •Free Bev & Treats •Fully equipped on-site gym. •Sparkling swimming pool • Security:24/7 controlled access and free secure parking The space I have integrated the floating bed and motorized curtains to emphasize the high-tech, luxury feel of your Sandton apartment. The Space: Ultra-Modern Luxury in Sandton Step into a sophisticated sanctuary featuring cutting-edge design and premium comfort. The living area is defined by motorized curtains for effortless light control, while the bedroom features a stunning floating bed for a true high-end aesthetic. Quick Amenities Summary 🛏️ Sleeping & Comfort: •Floating Queen Bed in the 2nd suite for a modern, airy feel. • Luxury Queen bed, both with premium linens. • Motorized curtains in the lounge for ultimate convenience. • Blackout curtains in bedrooms for a perfect night’s sleep. • 🚿 Spa-Style Bathrooms: • Main en-suite with a deep soaking tub and luxury rain shower. • Second modern bathroom with a premium rain shower. • 🍳 Designer Kitchen: • State-of-the-art modern appliances (Oven, Fridge, Microwave). • Equipped with a dishwasher and full culinary set. • 📶 Tech & Entertainment: • Top-range, high-speed WiFi (uncapped). • Smart TV with Netflix pre-installed. • Dedicated workspace for business travelers. 🏢 Building Perks (Free): • Access to the on-site gym and swimming pool. • 24/7 security and secure parking. • Full laundry facilities (Washer/Dryer). Guest access To ensure a seamless arrival at Unit 128 The Sandton Royal , please follow these simple steps: 1. Entering the Complex • Security Gate: Upon arrival, please inform the security personnel at the main gate that you are checking into Unit 128. • Access Code: You will receive a unique Complex Access Code via SMS/email within 12-24hrs before check in. You will use this code at the gate for both entry and exit throughout your stay. • Parking: Ask Security guard for parking, he will direct you to your free designated secure parking bay reserved specifically for Unit 128. 2. Entering the Apartment • Smart Lock: No physical keys are required. You will be provided with a Smart Door Lock Code. How to use: •Simply tap the WiFi sign button on the door lock(key pad), digital numbers will pop up. •Enter your code on the keypad followed by # . ""Once inside, please help yourself to our complimentary treats! You'll find cold water in the fridge, along with tea and coffee to help you settle in. ☕️"".",,,Brian,False,https://www.airbnb.com/contact_host/1581805311900937613/send_message,,"About this space
Experience the pinnacle of urban luxury in this designer 2-bedroom apartment with the main bedroom en-suited, located in the upscale suburb of Sandton. The Sandton Royal offers stylis",airbnb_data\Share_Save_1581805311900937613,,
52730757,"Ultra Modern, Spacious 2-floor Flat in City Centre","Share
Save",https://www.airbnb.com/rooms/52730757,"This is an ultra modern, incredibly spacious (200 sqm), split-level flat (2 floors) with double-glazed windows for quiet sleeping, and aircon throughout. Luxurious and modern finishes define this space. Fully equipped kitchen. Four flat-screen TVs and a large book library. Fast speed 100Mbps internet. Two large secure parking bays. Our building is not subject to rolling blackouts - the ELECTRICITY IS ALWAYS ON! The building is ultra secure with 24x7 security at front entrance and garage. The space You will absolutely love this flat with its modern, beautifully designed, large living spaces. There are two lounges with couches and TVs: a smaller lounge upstairs and a super-sized living room downstairs. A large open plan kitchen and spacious dining room occupy the main floor. Two luxurious bedrooms upstairs are at opposite ends of the second floor and provide total privacy from one another. One bedroom is ensuite, with a large shower, a bath and a private, fully enclosed toilet. The second spacious bathroom with its own toilet, sink and shower is located on the main floor. The kitchen is fully equipped with a 6-burner gas stove, a Bosch electric oven, an LG microwave, a pressure cooker, a Nespresso machine, a blender and other small appliances and cookware. This 9-window corner flat, with a long entrance-hallway, is far removed from the rest of the building and offers seclusion, comfort and serenity. Guest access The whole flat and two dedicated parking bays are completely yours during your stay. There is a lovely roof top garden where you can smoke if you are a smoker. Please note there is no smoking in the flat. Other things to note A few important items of note: 1. Due to the two-storey layout and open staircase banisters child-safety in this flat is limited. If you have small children they will need to be supervised as they ascend or descend the stairs. 2. The main bedroom has a low ceiling beam when entering and exiting the room. In addition, there is an opening in the corner of the room with a wall ladder that leads down to the floor below. This was purposefully designed and built for children visitors to the flat to have a climbing wall and provides many hours of entertainment. Caution should be exercised around the opening. 3. This is a two bedroom with 3 king size beds. The spacious master bedroom has 2 king size beds, and therefore allows 2 out of the 4 guests to sleep in their own individual beds. The king-sized bed in the second bedroom sleeps 2 guests in comfort. If 6 guests are booking this flat please take care to read the next point carefully :) ... 4. Although we welcome 6 guests to reside in this flat, this flat is best suited for 4 adults and 2 children/teenagers (or 3 adults and 3 children/teenagers, for a total of 6 people). Because two out of the three kind size bed share the spacious master bedroom (as per the detailed pictures) we strongly recommend that at least 2 out of the 6 guests are children or young adults. It has been our experience that 6 grown adults will not enjoy this space due to the shared sleeping arrangement in the master bedroom. This spacious 200 SQM, 2-storey flat is INCREDIBLY comfortable for 4 or fewer adults, or 4 adults plus 2 children. 5. Unfortunately there are no early check-ins or late check-outs. This flat is usually fully booked and we require a 10am - 2pm window to prepare the flat to our high standards. You can, however, drop off your luggage after 10am on the day of your arrival or leave it with us for safe keeping after your 10am check-out.",,,Joshua,True,https://www.airbnb.com/contact_host/52730757/send_message,,"About this space
This is an ultra modern, incredibly spacious (200 sqm), split-level flat (2 floors) with double-glazed windows for quiet sleeping, and aircon throughout. Luxurious and modern finishes",airbnb_data\Share_Save_52730757,-33.9208,18.4238
5636077,Meerlust - Camps Bay,"Share
Save",https://www.airbnb.com/rooms/5636077,,,,CB-One,True,,,,airbnb_data\Share_Save_5636077,-33.96438,18.38219
1449869442050082327,Small Single Room,"Share
Save",https://www.airbnb.com/rooms/1449869442050082327,,,,Alex,True,,,,airbnb_data\Share_Save_1449869442050082327,-26.055766365895025,28.06274662782904
1684863463838204744,Motel style Room 12,"Share
Save",https://www.airbnb.com/rooms/1684863463838204744,,,,Promise,True,,,,airbnb_data\Share_Save_1684863463838204744,,
38475168,Kai Cottage,"Share
Save",https://www.airbnb.com/rooms/38475168,,,,Nathalie,True,,,,airbnb_data\Share_Save_38475168,-34.04537,18.44247
1552125818800826166,Col5. Spacious. 2 Bed Apt. Pool. Solar Back Up,"Share
Save",https://www.airbnb.com/rooms/1552125818800826166,,,,Miguel,True,https://www.airbnb.com/contact_host/1552125818800826166/send_message,,,airbnb_data\Share_Save_1552125818800826166,-26.070787610197026,28.051536135040372
1267919462394092429,Entire Home Stonechat haven Samaita unit,"Share
Save",https://www.airbnb.com/rooms/1267919462394092429,Decor 4,,,Dzikamayi Geoffrey,True,https://www.airbnb.com/contact_host/1267919462394092429/send_message,,"About this space
This is a spacious 3 bedroomed home with modern finishings. The home boasts of a fully equipped kitchen, complete with washing machine/dryer. There is back up power (solar) and water.",airbnb_data\Share_Save_1267919462394092429,-20.2295,28.6212
1001064252094468262,NoorVilla - The Serene Getaway,"Share
Save",https://www.airbnb.com/rooms/1001064252094468262,,,,Patience,True,,,,airbnb_data\Share_Save_1001064252094468262,-20.209,28.5958
616557195823870303,Mafiris Khumalo 3 bedroomed house,"Share
Save",https://www.airbnb.com/rooms/616557195823870303,,,,Yvonne,True,,,,airbnb_data\Share_Save_616557195823870303,-20.1476,28.6165
53778016,Family-Friendly 3 Bedroom Home: Jacaranda Aisle,"Share
Save",https://www.airbnb.com/rooms/53778016,,,,Tapiwa,False,,,,airbnb_data\Share_Save_53778016,-20.089845263006058,28.653601465298465
1542712540176311697,The Hippo Studio,"Share
Save",https://www.airbnb.com/rooms/1542712540176311697,,,,Nomvuyo,False,https://www.airbnb.com/contact_host/1542712540176311697/send_message,,,airbnb_data\Share_Save_1542712540176311697,-20.18611,28.60783
1260907815884656452,Cozy Comfort on Vanessa,"Share
Save",https://www.airbnb.com/rooms/1260907815884656452,,,,Takudzwa,True,https://www.airbnb.com/contact_host/1260907815884656452/send_message,,,airbnb_data\Share_Save_1260907815884656452,-20.2145,28.5842
1711786935080816793,"Home in Selbourne Park, gated community, secure","Share
Save",https://www.airbnb.com/rooms/1711786935080816793,Average rating will appear after 3 reviews,,,Nobesuthu,False,https://www.airbnb.com/contact_host/1711786935080816793/send_message,,,airbnb_data\Share_Save_1711786935080816793,-20.18,28.6286
1390349819574601925,Motel style Room 7,"Share
Save",https://www.airbnb.com/rooms/1390349819574601925,Decor 2,,,Promise,True,https://www.airbnb.com/contact_host/1390349819574601925/send_message,,"About this space
Neat and modest room in Fourwinds , a quiet surbub.

Equipped with:

Hot shower
Mini bar fridge
Closet
Dedicated workspace
Queen bed
Kitchenette
*A full kitchen is also available ,tho",airbnb_data\Share_Save_1390349819574601925,-20.2141,28.585
1405370097820659680,7 on N,"Share
Save",https://www.airbnb.com/rooms/1405370097820659680,,,,Judith,True,,,,airbnb_data\Share_Save_1405370097820659680,-20.13953101181641,28.599575364964622
13816247,The lounge,"Share
Save",https://www.airbnb.com/rooms/13816247,,,,Susan,True,https://www.airbnb.com/contact_host/13816247/send_message,,"About this space
The famous Victoria Falls is only 7 mins drive from this cosy apartment set in a wonderfully tranquil suburb.An ideal spot for those requiring a peaceful and relaxing holiday. We are ",airbnb_data\Share_Save_13816247,-17.93102,25.81592
16623948,African Family Home,"Share
Save",https://www.airbnb.com/rooms/16623948,,,,Kerry,False,,,,airbnb_data\Share_Save_16623948,-17.92617,25.81921
1189063324733424998,Cozy Container Cabin in Victoria Falls,"Share
Save",https://www.airbnb.com/rooms/1189063324733424998,,,,Courtney,True,,,,airbnb_data\Share_Save_1189063324733424998,-17.9224,25.8298
1288844967599033736,Messe Luxe 2BR Modern Retreat Near Victoria Falls,"Share
Save",https://www.airbnb.com/rooms/1288844967599033736,,,,Messe Luxe Apartments,True,https://www.airbnb.com/contact_host/1288844967599033736/send_message,,"About this space
Welcome to Messe Luxe — your peaceful, modern retreat in Victoria Falls, perfect for unwinding after a day exploring one of the world’s greatest natural wonders. Ideally located for b",airbnb_data\Share_Save_1288844967599033736,-17.9347,25.8159
959196137871137270,Wild Villas No. 1,"Share
Save",https://www.airbnb.com/rooms/959196137871137270,,,,Shaun,True,https://www.airbnb.com/contact_host/959196137871137270/send_message,,"Rated 4.98 out of 5 from 84 reviews.
4.98
Guest favorite
This home is in the top 10% of eligible listings based on ratings, reviews, and reliability
How reviews work
How reviews work
5 of 7 items show",airbnb_data\Share_Save_959196137871137270,,
1075052077649818088,Entire Villa with Pool Vic Falls,"Share
Save",https://www.airbnb.com/rooms/1075052077649818088,,,,Janine,False,https://www.airbnb.com/contact_host/1075052077649818088/send_message,,"About this space
You will love our spacious family-friendly villa, that accommodates 6-8 guests in comfort. Our fully-equipped holiday home features:
Refreshing private swimming pool you can use anyti",airbnb_data\Share_Save_1075052077649818088,-17.9355,25.8163
1673839911133828939,Standard room 1 @ The 373 Bnb,Harare,"Share
Save",-19.036181724446518,32.65424542865944,https://www.airbnb.com/rooms/1673839911133828939,https://www.airbnb.com/rooms/1673839911133828939?adults=1&guests=1&check_in=2026-08-11&check_out=2026-08-13,$86,86.0,USD,,,Takudzwa,False,https://www.airbnb.com/contact_host/1673839911133828939/send_message?adults=1&check_in=2026-08-11&check_out=2026-08-13,,,airbnb_data\Share_Save_1673839911133828939
1629529334730777810,"Muzoro House at Siyapakanaka Estate, Nyanga",Harare,"Share
Save",-18.0933,32.8442,https://www.airbnb.com/rooms/1629529334730777810,https://www.airbnb.com/rooms/1629529334730777810?adults=1&guests=1&check_in=2026-08-11&check_out=2026-08-13,,,,,,,False,,,,airbnb_data\Share_Save_1629529334730777810
1449258114252871724,"Off-Grid Rustic Cottage in Nyanga, Zimbabwe",Harare,"Share
Save",-18.18345215191331,32.845758010965646,https://www.airbnb.com/rooms/1449258114252871724,https://www.airbnb.com/rooms/1449258114252871724?adults=1&guests=1&check_in=2026-08-11&check_out=2026-08-13,,,,,,Nicole,True,https://www.airbnb.com/contact_host/1449258114252871724/send_message?adults=1&check_in=2026-08-11&check_out=2026-08-13,,,airbnb_data\Share_Save_1449258114252871724
833739784557116723,Garden Flat,Harare,"Share
Save",-18.95925,32.6509,https://www.airbnb.com/rooms/833739784557116723,https://www.airbnb.com/rooms/833739784557116723?adults=1&guests=1&check_in=2026-08-11&check_out=2026-08-13,,,,,,,False,,,,airbnb_data\Share_Save_833739784557116723
1642867655871756195,Cedarwood Cottage,Harare,"Share
Save",-20.15438,28.60294,https://www.airbnb.com/rooms/1642867655871756195,https://www.airbnb.com/rooms/1642867655871756195?adults=1&guests=1&check_in=2026-08-11&check_out=2026-08-13,$104,104.0,USD,,,Anatolia Rudo,True,https://www.airbnb.com/contact_host/1642867655871756195/send_message?adults=1&check_in=2026-08-11&check_out=2026-08-13,,,airbnb_data\Share_Save_1642867655871756195
26221875,Vikam Villa Holiday Home,Harare,"Share
Save",-18.96481,32.68739,https://www.airbnb.com/rooms/26221875,https://www.airbnb.com/rooms/26221875?adults=1&guests=1&check_in=2026-08-11&check_out=2026-08-13,$894,894.0,USD,,,Margaret,True,,Prices include all fees,"Prices include all fees
Prices include all fees
Prices include all fees
Prices include all fees
Prices include all fees
Prices include all fees
Prices include all fees
Prices include all fees
Prices i",airbnb_data\Share_Save_26221875
1240575156526327876,Architect-Designed Home with Pool,Harare,"Share
Save",-17.9314,25.8221,https://www.airbnb.com/rooms/1240575156526327876,https://www.airbnb.com/rooms/1240575156526327876?adults=1&guests=1&check_in=2026-08-11&check_out=2026-08-13,,,,,,,False,,,,airbnb_data\Share_Save_1240575156526327876
1683152403663808837,The Kloof Cave,Harare,"Share
Save",-33.93139,18.40937,https://www.airbnb.com/rooms/1683152403663808837,https://www.airbnb.com/rooms/1683152403663808837?adults=1&guests=1&check_in=2026-08-11&check_out=2026-08-13,$108,108.0,USD,,,,False,,,,airbnb_data\Share_Save_1683152403663808837
1344014537777184627,"Charming Cottage Retreat, Juliasdale",Harare,"Share
Save",-18.3421,32.6271,https://www.airbnb.com/rooms/1344014537777184627,https://www.airbnb.com/rooms/1344014537777184627?adults=1&guests=1&check_in=2026-08-11&check_out=2026-08-13,,,,,,Craig,True,https://www.airbnb.com/contact_host/1344014537777184627/send_message?adults=1&check_in=2026-08-11&check_out=2026-08-13,,"About this space
Escape to our delightful wooden cabin, perfectly nestled among majestic msasa trees and stunning granite outcrops.

Step into the sunlounge and soak in the views over the pristine mio",airbnb_data\Share_Save_1344014537777184627
13319026,Vumba home from home,Harare,"Share
Save",-19.03233,32.73618,https://www.airbnb.com/rooms/13319026,https://www.airbnb.com/rooms/13319026?adults=1&guests=1&check_in=2026-08-11&check_out=2026-08-13,,,,,,,False,,,,airbnb_data\Share_Save_13319026
40124123,Padombo @the Village,Harare,"Share
Save",-18.33383,32.54112,https://www.airbnb.com/rooms/40124123,https://www.airbnb.com/rooms/40124123?adults=1&guests=1&check_in=2026-08-11&check_out=2026-08-13,,,,,,Gibon,True,,,,airbnb_data\Share_Save_40124123
54019554,"Art House Cottage, a Mutare, Zimbabwe vacation rental",Harare,"Share
Save",-18.95438,32.67775,https://www.airbnb.com/rooms/54019554,https://www.airbnb.com/rooms/54019554?adults=1&guests=1&check_in=2026-08-11&check_out=2026-08-13,,,,,,Bronwen,True,,,,airbnb_data\Share_Save_54019554
39333474,Zumbane Lodge 2 (Pungwe),Harare,"Share
Save",-18.21937,32.74663,https://www.airbnb.com/rooms/39333474,https://www.airbnb.com/rooms/39333474?adults=1&guests=1&check_in=2026-08-11&check_out=2026-08-13,,,,,,Primrose,True,https://www.airbnb.com/contact_host/39333474/send_message?adults=1&check_in=2026-08-11&check_out=2026-08-13,,"About this space
Rustic stone walls with modern conveniences in an African setting.
Amazing scenic views.

The space
Overlooking a typical rural African landscape and hazy blue mountains, lies a place",airbnb_data\Share_Save_39333474
1559626908908707146,,Harare,"Share
Save",-18.96434,32.66885,https://www.airbnb.com/rooms/1559626908908707146,https://www.airbnb.com/rooms/1559626908908707146?adults=1&guests=1&check_in=2026-08-11&check_out=2026-08-13,,,,,,,False,,,,airbnb_data\Share_Save_1559626908908707146
1248890813886591796,Mukundi,Harare,"Share
Save",-18.957,32.6777,https://www.airbnb.com/rooms/1248890813886591796,https://www.airbnb.com/rooms/1248890813886591796?adults=1&guests=1&check_in=2026-08-11&check_out=2026-08-13,,,,,,Finance,False,,,,airbnb_data\Share_Save_1248890813886591796
1424606206785563895,Lavender House Victoria Falls,Harare,"Share
Save",-17.9381,25.8244,https://www.airbnb.com/rooms/1424606206785563895,https://www.airbnb.com/rooms/1424606206785563895?adults=1&guests=1&check_in=2026-08-11&check_out=2026-08-13,"$1,386",1386.0,USD,,,Farai,True,https://www.airbnb.com/contact_host/1424606206785563895/send_message?adults=1&check_in=2026-08-11&check_out=2026-08-13,,,airbnb_data\Share_Save_1424606206785563895
1705116727252823462,Nala Realty at SoHo Two,Harare,"Share
Save",-25.993,27.986,https://www.airbnb.com/rooms/1705116727252823462,https://www.airbnb.com/rooms/1705116727252823462?adults=1&guests=1&check_in=2026-08-11&check_out=2026-08-13,$115,115.0,USD,,,Gugu,False,https://www.airbnb.com/contact_host/1705116727252823462/send_message?adults=1&check_in=2026-08-11&check_out=2026-08-13,,,airbnb_data\Share_Save_1705116727252823462
45335379,,Harare,,-18.2201,32.7464,https://www.airbnb.com/rooms/45335379,https://www.airbnb.com/rooms/45335379?adults=1&guests=1&check_in=2026-08-11&check_out=2026-08-13,,,,,,,False,,,,airbnb_data\_45335379
1516525024753000632,,Harare,,-19.038849972135182,32.72539687883167,https://www.airbnb.com/rooms/1516525024753000632,https://www.airbnb.com/rooms/1516525024753000632?adults=1&guests=1&check_in=2026-08-11&check_out=2026-08-13,,,,,,,False,,,,airbnb_data\_1516525024753000632
54152819,Cosy cottage nestled in protected game reserve,Harare,"Share
Save",-18.22066,32.74692,https://www.airbnb.com/rooms/54152819,https://www.airbnb.com/rooms/54152819?adults=1&guests=1&check_in=2026-08-11&check_out=2026-08-13,,,,,,Sharai,True,https://www.airbnb.com/contact_host/54152819/send_message?adults=1&check_in=2026-08-11&check_out=2026-08-13,,"About this space
Relax with the whole family at this peaceful place with breathtaking bush views. Perfect for those who want to disconnect and take in nature. Nestled in a scenic valley with access to",airbnb_data\Share_Save_54152819
1405848150402136046,Javali House Vic Falls Estate,Harare,"Share
Save",-17.9347,25.8159,https://www.airbnb.com/rooms/1405848150402136046,https://www.airbnb.com/rooms/1405848150402136046?adults=1&guests=1&check_in=2026-08-11&check_out=2026-08-13,,,,,,,False,,,,airbnb_data\Share_Save_1405848150402136046
53018198,Zumbane Lodge 3 (Gairezi),Harare,"Share
Save",-18.21274,32.73655,https://www.airbnb.com/rooms/53018198,https://www.airbnb.com/rooms/53018198?adults=1&guests=1&check_in=2026-08-11&check_out=2026-08-13,,,,,,,False,,"Location
Check in / Check out
Guests | Gift cards | Save | Become a host | Homes
NEW
NEW
Experiences, new
NEW
NEW
Services, new | Start your search
Location
Check in / Check out
Guests | It's easy to start hosting and earn extra income. | Find a co-host | Zumbane Lodge 3 (Gairezi)
Share
Save
Show all photos | Zumbane Lodge 3 (Gairezi) | Share | Show all photos | Log in or sign up | Share
Save | Zumbane Lodge 3 (Gairezi)
Share
Save | Help Center",,airbnb_data\Share_Save_53018198
1516601380788389621,Vic Falls Luxury Condo,Mutare,,-17.9254,25.82766,https://www.airbnb.com/rooms/1516601380788389621,https://www.airbnb.com/rooms/1516601380788389621?adults=1&guests=1&check_in=2026-08-11&check_out=2026-08-13,$384,384.0,USD,,,Kyati,True,,,,airbnb_data\Vic_Falls_Luxury_Condo_1516601380788389621
1564963281771807850,,Mutare,,-26.058,28.018,https://www.airbnb.com/rooms/1564963281771807850,https://www.airbnb.com/rooms/1564963281771807850?adults=1&guests=1&check_in=2026-08-11&check_out=2026-08-13,,,,,,Silence,True,,,,airbnb_data\_1564963281771807850
25178105,Endless Views & Privacy,Mutare,,-34.0152,18.3483,https://www.airbnb.com/rooms/25178105,https://www.airbnb.com/rooms/25178105?adults=1&guests=1&check_in=2026-08-11&check_out=2026-08-13,,,,,,Dale,True,,,,airbnb_data\Endless_Views_Privacy_25178105
1382424477905451761,Sunrise View: Melville,Gwanda,"Share
Save",-26.175758312391707,28.013545113154564,https://www.airbnb.com/rooms/1382424477905451761,https://www.airbnb.com/rooms/1382424477905451761?adults=1&guests=1&check_in=2026-08-11&check_out=2026-08-13,,,,,,Karen,True,https://www.airbnb.com/contact_host/1382424477905451761/send_message?adults=1&check_in=2026-08-11&check_out=2026-08-13,,"About this space
Welcome to our stunning north-facing double-volume house in the heart of Melville! This light-filled space offers a perfect blend of comfort and style, featuring

Warm, north facing, ",airbnb_data\Share_Save_1382424477905451761
48387008,Exceptional Penthouse 4 Bedroom Suite Apartment,Gwanda,"Share
Save",-26.14726,28.03626,https://www.airbnb.com/rooms/48387008,https://www.airbnb.com/rooms/48387008?adults=1&guests=1&check_in=2026-08-11&check_out=2026-08-13,$560,560.0,USD,,,Lara,False,,,,airbnb_data\Share_Save_48387008
1666084825714975696,Bella Vista @ No.2,Gwanda,"Share
Save",-26.17931,27.99766,https://www.airbnb.com/rooms/1666084825714975696,https://www.airbnb.com/rooms/1666084825714975696?adults=1&guests=1&check_in=2026-08-11&check_out=2026-08-13,,,,,,,False,,,,airbnb_data\Share_Save_1666084825714975696
1390370775748947851,,Bulawayo,"Share
Save",-20.2141,28.5849,https://www.airbnb.com/rooms/1390370775748947851,https://www.airbnb.com/rooms/1390370775748947851?adults=1&guests=1&check_in=2026-08-11&check_out=2026-08-13,,,,,,Promise,True,https://www.airbnb.com/contact_host/1390370775748947851/send_message?adults=1&check_in=2026-08-11&check_out=2026-08-13,,,airbnb_data\Share_Save_1390370775748947851
1410702412665818000,Hosted by Muta,Bulawayo,"Share
Save",-20.13,28.6063,https://www.airbnb.com/rooms/1410702412665818000,https://www.airbnb.com/rooms/1410702412665818000?adults=1&guests=1&check_in=2026-08-11&check_out=2026-08-13,,,,,,Muta,False,,,,airbnb_data\Share_Save_1410702412665818000
1731415674894185988,,Bulawayo,,-20.1291,28.5956,https://www.airbnb.com/rooms/1731415674894185988,https://www.airbnb.com/rooms/1731415674894185988?adults=1&guests=1&check_in=2026-08-11&check_out=2026-08-13,,,,,,,False,,,,airbnb_data\_1731415674894185988
1586034709545952446,The Upper Room,Bulawayo,"Share
Save",-20.16769964012923,28.600202570975675,https://www.airbnb.com/rooms/1586034709545952446,https://www.airbnb.com/rooms/1586034709545952446?adults=1&guests=1&check_in=2026-08-11&check_out=2026-08-13,,,,,,,False,,,,airbnb_data\Share_Save_1586034709545952446
1615162709003280950,Charming Hillside Cottage,Bulawayo,"Share
Save",-20.193007157620293,28.624337185723544,https://www.airbnb.com/rooms/1615162709003280950,https://www.airbnb.com/rooms/1615162709003280950?adults=1&guests=1&check_in=2026-08-11&check_out=2026-08-13,$74,74.0,USD,,,Rooted Rentals,True,,,,airbnb_data\Share_Save_1615162709003280950
1340531446626706718,The Nook in Paddonhurst,Bulawayo,"Share
Save",-20.1361,28.6008,https://www.airbnb.com/rooms/1340531446626706718,https://www.airbnb.com/rooms/1340531446626706718?adults=1&guests=1&check_in=2026-08-11&check_out=2026-08-13,,,,,,,False,,,,airbnb_data\Share_Save_1340531446626706718
40699587,Oasis Haven,Bulawayo,"Share
Save",-20.14944,28.63029,https://www.airbnb.com/rooms/40699587,https://www.airbnb.com/rooms/40699587?adults=1&guests=1&check_in=2026-08-11&check_out=2026-08-13,$197,197.0,USD,,,Thembani,True,,,,airbnb_data\Share_Save_40699587
50738321,Cozy & private studio with pool,Harare,"Share
Save",-33.94874,18.38583,https://www.airbnb.com/rooms/50738321,https://www.airbnb.com/rooms/50738321?adults=1&guests=1&check_in=2026-08-11&check_out=2026-08-13,$91,91.0,USD,,,Annika,True,,,,airbnb_data\Share_Save_50738321
1675990325264630939,Sage•1‑Bed Solar Cottage •Borehole • Fast Wi-Fi,Bulawayo,"Share
Save",-20.195378516773452,28.64140011647512,https://www.airbnb.com/rooms/1675990325264630939,https://www.airbnb.com/rooms/1675990325264630939?adults=1&guests=1&check_in=2026-08-11&check_out=2026-08-13,$82,82.0,USD,,,,False,,,,airbnb_data\Share_Save_1675990325264630939
18546307,Mafiris Modern Urban Suite in Khumalo,Bulawayo,"Share
Save",-20.14738,28.61863,https://www.airbnb.com/rooms/18546307,https://www.airbnb.com/rooms/18546307?adults=1&guests=1&check_in=2026-08-11&check_out=2026-08-13,$109,109.0,USD,,,,False,,,,airbnb_data\Share_Save_18546307
1555495963926963600,Little Nest 2 Burnside,Bulawayo,"Share
Save",-20.223088957974834,28.616816784822635,https://www.airbnb.com/rooms/1555495963926963600,https://www.airbnb.com/rooms/1555495963926963600?adults=1&guests=1&check_in=2026-08-11&check_out=2026-08-13,$82,82.0,USD,,,,False,,,,airbnb_data\Share_Save_1555495963926963600
1648739444322367750,Still Your Home!,Bulawayo,"Share
Save",-20.1731,28.584,https://www.airbnb.com/rooms/1648739444322367750,https://www.airbnb.com/rooms/1648739444322367750?adults=1&guests=1&check_in=2026-08-11&check_out=2026-08-13,,,,,,Shami,False,,,,airbnb_data\Share_Save_1648739444322367750
1525300735838121090,Studio Reara| Super WiFi | DSTV | Solar| Safe Area,Bulawayo,"Share
Save",-20.1487,28.6288,https://www.airbnb.com/rooms/1525300735838121090,https://www.airbnb.com/rooms/1525300735838121090?adults=1&guests=1&check_in=2026-08-11&check_out=2026-08-13,$118,118.0,USD,,,,False,,,,airbnb_data\Share_Save_1525300735838121090
1546518523759243279,Stylish & Scenic Sea Point Studio Apartment,Mutare,"Share
Save",-33.9115,18.393,https://www.airbnb.com/rooms/1546518523759243279,https://www.airbnb.com/rooms/1546518523759243279?adults=1&guests=1&check_in=2026-08-11&check_out=2026-08-13,,,,,,Skye,True,https://www.airbnb.com/contact_host/1546518523759243279/send_message?adults=1&check_in=2026-08-11&check_out=2026-08-13,,,airbnb_data\Share_Save_1546518523759243279
882495661040549090,Cedar Cottage,Bulawayo,"Share
Save",-20.1858,28.5929,https://www.airbnb.com/rooms/882495661040549090,https://www.airbnb.com/rooms/882495661040549090?adults=1&guests=1&check_in=2026-08-11&check_out=2026-08-13,,,,,,,False,,,,airbnb_data\Share_Save_882495661040549090
871487374946237118,,Harare,,-17.94174,25.82,https://www.airbnb.com/rooms/871487374946237118,https://www.airbnb.com/rooms/871487374946237118?adults=1&guests=1&check_in=2026-08-11&check_out=2026-08-13,,,,,,Wandile,False,,,,airbnb_data\_871487374946237118
1378387788281014574,,Harare,,-26.074957494367172,28.066380739183344,https://www.airbnb.com/rooms/1378387788281014574,https://www.airbnb.com/rooms/1378387788281014574?adults=1&guests=1&check_in=2026-08-11&check_out=2026-08-13,,,,,,Anna Properties,True,,,,airbnb_data\_1378387788281014574
42033597,,Harare,,-18.97782,32.67992,https://www.airbnb.com/rooms/42033597,https://www.airbnb.com/rooms/42033597?adults=1&guests=1&check_in=2026-08-11&check_out=2026-08-13,,,,,,Paula,False,,,,airbnb_data\_42033597
1275414136502765890,,Harare,,-20.204464438036428,28.56653673795504,https://www.airbnb.com/rooms/1275414136502765890,https://www.airbnb.com/rooms/1275414136502765890?adults=1&guests=1&check_in=2026-08-11&check_out=2026-08-13,,,,,,,False,,,,airbnb_data\_1275414136502765890
1639033590980494044,Tayla Suites on Tatonga,Harare,"Share
Save",-18.962428194122836,32.68510000238536,https://www.airbnb.com/rooms/1639033590980494044,https://www.airbnb.com/rooms/1639033590980494044?adults=1&guests=1&check_in=2026-08-11&check_out=2026-08-13,$134,134.0,USD,,,Tatenda,False,https://www.airbnb.com/contact_host/1639033590980494044/send_message?adults=1&check_in=2026-08-11&check_out=2026-08-13,,,airbnb_data\Share_Save_1639033590980494044
1160628672623587606,The Flange Guest House R3,Harare,"Share
Save",-17.93099,25.81846,https://www.airbnb.com/rooms/1160628672623587606,https://www.airbnb.com/rooms/1160628672623587606?adults=1&guests=1&check_in=2026-08-11&check_out=2026-08-13,The Flange Guest House R3 (~$0/night USD),0.18,ZAR,,,,False,https://www.airbnb.com/contact_host/1160628672623587606/send_message?adults=1&check_in=2026-08-11&check_out=2026-08-13,,,airbnb_data\Share_Save_1160628672623587606
17012416,"Warm & Cosy Flat Nr1, 5 min from Sandton CBD!",Harare,"Share
Save",-26.1054,28.0308,https://www.airbnb.com/rooms/17012416,https://www.airbnb.com/rooms/17012416?adults=1&guests=1&check_in=2026-08-11&check_out=2026-08-13,"Warm & Cosy Flat Nr1, 5 min from Sandton CBD!",,,,,,False,,,,airbnb_data\Share_Save_17012416
1051081100916269357,Bo-Kaap Home: Spacious Room with private deck,Harare,"Share
Save",-33.9191,18.4172,https://www.airbnb.com/rooms/1051081100916269357,https://www.airbnb.com/rooms/1051081100916269357?adults=1&guests=1&check_in=2026-08-11&check_out=2026-08-13,,,,,,Susann,True,,,,airbnb_data\Share_Save_1051081100916269357
12733063,KHH Stone Cottage at John Galt Village Main Gate,Harare,"Share
Save",-18.34176,32.53427,https://www.airbnb.com/rooms/12733063,https://www.airbnb.com/rooms/12733063?adults=1&guests=1&check_in=2026-08-11&check_out=2026-08-13,$164,164.0,USD,,,Nyara,True,https://www.airbnb.com/contact_host/12733063/send_message?adults=1&check_in=2026-08-11&check_out=2026-08-13,,,airbnb_data\Share_Save_12733063
752990254553284478,,Harare,,-33.91323,18.39144,https://www.airbnb.com/rooms/752990254553284478,https://www.airbnb.com/rooms/752990254553284478?adults=1&guests=1&check_in=2026-08-11&check_out=2026-08-13,,,,,,,False,,,,airbnb_data\_752990254553284478
1017842816559595140,Upmarket cottage in Morningside,Harare,"Share
Save",-26.07107,28.0517,https://www.airbnb.com/rooms/1017842816559595140,https://www.airbnb.com/rooms/1017842816559595140?adults=1&guests=1&check_in=2026-08-11&check_out=2026-08-13,$92,92.0,USD,,,Jossie,True,https://www.airbnb.com/contact_host/1017842816559595140/send_message?adults=1&check_in=2026-08-11&check_out=2026-08-13,,,airbnb_data\Share_Save_1017842816559595140
1456289726569916622,Morden Sandton Stay | Wi-Fi | Safe Parking,Harare,"Share
Save",-26.0595,28.0588,https://www.airbnb.com/rooms/1456289726569916622,https://www.airbnb.com/rooms/1456289726569916622?adults=1&guests=1&check_in=2026-08-11&check_out=2026-08-13,$107,107.0,USD,,,Letshego,True,https://www.airbnb.com/contact_host/1456289726569916622/send_message?adults=1&check_in=2026-08-11&check_out=2026-08-13,,,airbnb_data\Share_Save_1456289726569916622
51544429,Lovely rental unit with No loadshedding.,Harare,"Share
Save",-26.0207,28.0344,https://www.airbnb.com/rooms/51544429,https://www.airbnb.com/rooms/51544429?adults=1&guests=1&check_in=2026-08-11&check_out=2026-08-13,,,,,,Celeste,True,,,,airbnb_data\Share_Save_51544429
1584253293889642593,Cosy 2 Bed Cottage at John Galt Village Juliasdale,Harare,"Share
Save",-18.3418,32.6511,https://www.airbnb.com/rooms/1584253293889642593,https://www.airbnb.com/rooms/1584253293889642593?adults=1&guests=1&check_in=2026-08-11&check_out=2026-08-13,$126,126.0,USD,,,Nyara,True,,,,airbnb_data\Share_Save_1584253293889642593
1671032382003587456,Sweet Home away from home.,Bulawayo,"Share
Save",-20.11,28.6074,https://www.airbnb.com/rooms/1671032382003587456,https://www.airbnb.com/rooms/1671032382003587456?adults=1&guests=1&check_in=2026-08-11&check_out=2026-08-13,$227,227.0,USD,,,Viola,False,https://www.airbnb.com/contact_host/1671032382003587456/send_message?adults=1&check_in=2026-08-11&check_out=2026-08-13,,,airbnb_data\Share_Save_1671032382003587456
1664560484382830856,Lux Bnb Morningside Room 4,Bulawayo,"Share
Save",-20.20872742888781,28.576531560962582,https://www.airbnb.com/rooms/1664560484382830856,https://www.airbnb.com/rooms/1664560484382830856?adults=1&guests=1&check_in=2026-08-11&check_out=2026-08-13,,,,,,Mutiu,False,https://www.airbnb.com/contact_host/1664560484382830856/send_message?adults=1&check_in=2026-08-11&check_out=2026-08-13,,"No rating yet
Average rating will appear after 3 reviews
How reviews work
How reviews work
Detailed ratings will appear once more guests have reviewed this place.
1 review
Ratings sort order: Most rel",airbnb_data\Share_Save_1664560484382830856
519559890609765942,Kwakwethu Guest Cottage,Bulawayo,"Share
Save",-20.13824,28.61692,https://www.airbnb.com/rooms/519559890609765942,https://www.airbnb.com/rooms/519559890609765942?adults=1&guests=1&check_in=2026-08-11&check_out=2026-08-13,,,,,,Trust,False,,,,airbnb_data\Share_Save_519559890609765942
1462968863279141245,Buffalo crest 2,Harare,"Share
Save",-17.9317077249095,25.815791169993982,https://www.airbnb.com/rooms/1462968863279141245,https://www.airbnb.com/rooms/1462968863279141245?adults=1&guests=1&check_in=2026-08-11&check_out=2026-08-13,,,,,,Rudo,True,,,,airbnb_data\Share_Save_1462968863279141245
1548211512446913383,Frinton House,Bulawayo,"Share
Save",-20.18329,28.64431,https://www.airbnb.com/rooms/1548211512446913383,https://www.airbnb.com/rooms/1548211512446913383?adults=1&guests=1&check_in=2026-08-11&check_out=2026-08-13,,,,,,Gugu,False,https://www.airbnb.com/contact_host/1548211512446913383/send_message?adults=1&check_in=2026-08-11&check_out=2026-08-13,,"Rated 4.57 out of 5 stars.
4.57
How reviews work
How reviews work
5 of 7 items showing
Overall rating
5 stars, 86% of reviews
5
4 stars, 0% of reviews
4
3 stars, 0% of reviews
3
2 stars, 14% of review",airbnb_data\Share_Save_1548211512446913383
1202028026778041123,Sunview’s Spacious Suite,Bulawayo,"Share
Save",-20.19558,28.59962,https://www.airbnb.com/rooms/1202028026778041123,https://www.airbnb.com/rooms/1202028026778041123?adults=1&guests=1&check_in=2026-08-11&check_out=2026-08-13,Hosted by Never 6 years hosting,,,,,Never,False,https://www.airbnb.com/contact_host/1202028026778041123/send_message?adults=1&check_in=2026-08-11&check_out=2026-08-13,,,airbnb_data\Share_Save_1202028026778041123
1402712893264982454,8 On Dianne - The Jannette Suite,Bulawayo,"Share
Save",-20.212045359160946,28.591772521263913,https://www.airbnb.com/rooms/1402712893264982454,https://www.airbnb.com/rooms/1402712893264982454?adults=1&guests=1&check_in=2026-08-11&check_out=2026-08-13,,,,,,,True,,,,airbnb_data\Share_Save_1402712893264982454
1325292408298719325,,Bulawayo,,-20.21807,28.60734,https://www.airbnb.com/rooms/1325292408298719325,https://www.airbnb.com/rooms/1325292408298719325?adults=1&guests=1&check_in=2026-08-11&check_out=2026-08-13,,,,,,,False,,,,airbnb_data\_1325292408298719325
33908351,Golden Crown,Bulawayo,"Share
Save",-20.16092,28.6103,https://www.airbnb.com/rooms/33908351,https://www.airbnb.com/rooms/33908351?adults=1&guests=1&check_in=2026-08-11&check_out=2026-08-13,,,,,,Lola,False,https://www.airbnb.com/contact_host/33908351/send_message?adults=1&check_in=2026-08-11&check_out=2026-08-13,,"Rated 4.57 out of 5 stars.
4.57
How reviews work
How reviews work
5 of 7 items showing
Overall rating
5 stars, 74% of reviews
5
4 stars, 11% of reviews
4
3 stars, 11% of reviews
3
2 stars, 3% of revie",airbnb_data\Share_Save_33908351
1734590595619176002,"The Mustard room in ""Molet BnB""",Bulawayo,"Share
Save",-20.2,28.5744,https://www.airbnb.com/rooms/1734590595619176002,https://www.airbnb.com/rooms/1734590595619176002?adults=1&guests=1&check_in=2026-08-11&check_out=2026-08-13,,,,,,,False,,,,airbnb_data\Share_Save_1734590595619176002
20828940,Whispered wishes Cosy guest house,Bulawayo,"Share
Save",-20.21166,28.57699,https://www.airbnb.com/rooms/20828940,https://www.airbnb.com/rooms/20828940?adults=1&guests=1&check_in=2026-08-11&check_out=2026-08-13,,,,,,Linda Sikhululwe,False,,,,airbnb_data\Share_Save_20828940
844869095153619930,,Bulawayo,,-20.15937,28.61106,https://www.airbnb.com/rooms/844869095153619930,https://www.airbnb.com/rooms/844869095153619930?adults=1&guests=1&check_in=2026-08-11&check_out=2026-08-13,,,,,,Cynthia,False,,,,airbnb_data\_844869095153619930
14768118,Mafiris Homely Loft Apartment,Bulawayo,"Share
Save",-20.13328,28.62767,https://www.airbnb.com/rooms/14768118,https://www.airbnb.com/rooms/14768118?adults=1&guests=1&check_in=2026-08-11&check_out=2026-08-13,,,,,,Yvonne,True,https://www.airbnb.com/contact_host/14768118/send_message?adults=1&check_in=2026-08-11&check_out=2026-08-13,,"About this space
A homely loft apartment with an open plan lounge & kitchen.
The kitchen is well equipped with gas stove, fridge, & all utensils you need to cook. Upstairs loft bedroom has a comfy sup",airbnb_data\Share_Save_14768118
1686679323247299857,Spacious 3 BR Property Home In Northend Bulawayo,Bulawayo,"Share
Save",-20.12113646288549,28.59799076265856,https://www.airbnb.com/rooms/1686679323247299857,https://www.airbnb.com/rooms/1686679323247299857?adults=1&guests=1&check_in=2026-08-11&check_out=2026-08-13,$154,154.0,USD,,,Tawanda,False,,,,airbnb_data\Share_Save_1686679323247299857
631676532019339144,Bradfield House,Bulawayo,"Share
Save",-20.1766,28.5943,https://www.airbnb.com/rooms/631676532019339144,https://www.airbnb.com/rooms/631676532019339144?adults=1&guests=1&check_in=2026-08-11&check_out=2026-08-13,,,,,,Jessie,False,https://www.airbnb.com/contact_host/631676532019339144/send_message?adults=1&check_in=2026-08-11&check_out=2026-08-13,,"Rated 4.68 out of 5 stars.
4.68
How reviews work
How reviews work
5 of 7 items showing
Overall rating
5 stars, 89% of reviews
5
4 stars, 0% of reviews
4
3 stars, 0% of reviews
3
2 stars, 11% of review",airbnb_data\Share_Save_631676532019339144
1737576555833757005,Place@Reeds,Bulawayo,"Share
Save",-20.1458,28.5873,https://www.airbnb.com/rooms/1737576555833757005,https://www.airbnb.com/rooms/1737576555833757005?adults=1&guests=1&check_in=2026-08-11&check_out=2026-08-13,$254,254.0,USD,,,Nomasiko Patience,False,,,,airbnb_data\Share_Save_1737576555833757005
17412404,Ursula's Rose Garden Cottage,Bulawayo,"Share
Save",-20.19448,28.59236,https://www.airbnb.com/rooms/17412404,https://www.airbnb.com/rooms/17412404?adults=1&guests=1&check_in=2026-08-11&check_out=2026-08-13,$0 today · Free cancellation before August 6,0.0,USD,,,Ursula,True,,,,airbnb_data\Share_Save_17412404
1402314397837515170,House of Sharma | Aurora Cottage | Garden Retreat,Bulawayo,"Share
Save",-20.1816,28.6101,https://www.airbnb.com/rooms/1402314397837515170,https://www.airbnb.com/rooms/1402314397837515170?adults=1&guests=1&check_in=2026-08-11&check_out=2026-08-13,$104,104.0,USD,,,Shanice,True,https://www.airbnb.com/contact_host/1402314397837515170/send_message?adults=1&check_in=2026-08-11&check_out=2026-08-13,Your price is below the 60-day average,"Your price is below the 60-day average
Your price is below the 60-day average
Your price is below the 60-day average
Your price is below the 60-day average
Your price is below the 60-day average
Your ",airbnb_data\Share_Save_1402314397837515170
1366033601421883808,Room at Euvana,Bulawayo,"Share
Save",-20.20304915583586,28.66554082296626,https://www.airbnb.com/rooms/1366033601421883808,https://www.airbnb.com/rooms/1366033601421883808?adults=1&guests=1&check_in=2026-08-11&check_out=2026-08-13,$66,66.0,USD,,,Stha,False,,,,airbnb_data\Share_Save_1366033601421883808
1069592290266626066,Khanya House Luxury Retreat,Bulawayo,"Share
Save",-20.16019,28.61404,https://www.airbnb.com/rooms/1069592290266626066,https://www.airbnb.com/rooms/1069592290266626066?adults=1&guests=1&check_in=2026-08-11&check_out=2026-08-13,,,,,,Shelta Tabita,False,,,,airbnb_data\Share_Save_1069592290266626066
14702462,Zanis place,Bulawayo,"Share
Save",-20.17615,28.60987,https://www.airbnb.com/rooms/14702462,https://www.airbnb.com/rooms/14702462?adults=1&guests=1&check_in=2026-08-11&check_out=2026-08-13,$234,234.0,USD,,,Buhle,False,https://www.airbnb.com/contact_host/14702462/send_message?adults=1&check_in=2026-08-11&check_out=2026-08-13,,"About this space
My place is close to restaurants and dining. My place is good for couples, solo adventurers, and families (with kids).

The space
It's a self contained 3 bedroomed house in a quiet ho",airbnb_data\Share_Save_14702462
1075796847851781963,,Bulawayo,"Share
Save",-20.1411,28.5952,https://www.airbnb.com/rooms/1075796847851781963,https://www.airbnb.com/rooms/1075796847851781963?adults=1&guests=1&check_in=2026-08-11&check_out=2026-08-13,,,,,,Mandy,True,,,,airbnb_data\Share_Save_1075796847851781963
20985339,Little House Bulawayo | Solar | Pool | Starlink,Bulawayo,"Share
Save",-20.1912,28.6255,https://www.airbnb.com/rooms/20985339,https://www.airbnb.com/rooms/20985339?adults=1&guests=1&check_in=2026-08-11&check_out=2026-08-13,,,,,,Graham And Belinda,False,,,,airbnb_data\Share_Save_20985339
1576926112935407471,Esperanza Homes: Private Ensuite Room 1,Bulawayo,"Share
Save",-20.1927,28.5702,https://www.airbnb.com/rooms/1576926112935407471,https://www.airbnb.com/rooms/1576926112935407471?adults=1&guests=1&check_in=2026-08-11&check_out=2026-08-13,September 2026,,,,,Joyce,False,https://www.airbnb.com/contact_host/1576926112935407471/send_message?adults=1&check_in=2026-08-11&check_out=2026-08-13,,"About this space
Stay at Esperanza Homes in our private Ensuite Room, featuring your own attached bathroom! Located in Bulawayo, we offer a secure, cozy retreat. Enjoy a comfortable double bed and acc",airbnb_data\Share_Save_1576926112935407471
827879544702599804,Beautiful 2 bedroom house with pool.,Bulawayo,"Share
Save",-20.11534,28.61807,https://www.airbnb.com/rooms/827879544702599804,https://www.airbnb.com/rooms/827879544702599804?adults=1&guests=1&check_in=2026-08-11&check_out=2026-08-13,,,,,,Cathrine,True,,,,airbnb_data\Share_Save_827879544702599804
1728896313488195896,Febbies Guest House Room E,Bulawayo,"Share
Save",-20.1184,28.6099,https://www.airbnb.com/rooms/1728896313488195896,https://www.airbnb.com/rooms/1728896313488195896?adults=1&guests=1&check_in=2026-08-11&check_out=2026-08-13,$73,73.0,USD,,,Joice,False,https://www.airbnb.com/contact_host/1728896313488195896/send_message?adults=1&check_in=2026-08-11&check_out=2026-08-13,,,airbnb_data\Share_Save_1728896313488195896
54008498,Hammond Gardens Guest House,Bulawayo,"Share
Save",-20.1539,28.586,https://www.airbnb.com/rooms/54008498,https://www.airbnb.com/rooms/54008498?adults=1&guests=1&check_in=2026-08-11&check_out=2026-08-13,,,,,,Petty,True,,,,airbnb_data\Share_Save_54008498
793315324134644383,Febbie's Guest House Room A,Bulawayo,"Share
Save",-20.1173,28.6185,https://www.airbnb.com/rooms/793315324134644383,https://www.airbnb.com/rooms/793315324134644383?adults=1&guests=1&check_in=2026-08-11&check_out=2026-08-13,$73,73.0,USD,,,Joice,False,https://www.airbnb.com/contact_host/793315324134644383/send_message?adults=1&check_in=2026-08-11&check_out=2026-08-13,,,airbnb_data\Share_Save_793315324134644383
1403098869373972381,Sami Airbnb,Bulawayo,"Share
Save",-20.1486,28.6315,https://www.airbnb.com/rooms/1403098869373972381,https://www.airbnb.com/rooms/1403098869373972381?adults=1&guests=1&check_in=2026-08-11&check_out=2026-08-13,,,,,,Mwarinda,False,https://www.airbnb.com/contact_host/1403098869373972381/send_message?adults=1&check_in=2026-08-11&check_out=2026-08-13,,"About this space
Unwind at this serene 4-bedroom Guest house, just 5km from the CBD and 2km from a local University. Ideal for groups, it features 4 bedrooms, all ensuite with queen beds, a full kitch",airbnb_data\Share_Save_1403098869373972381
952778802780835777,Palm West Holiday House,Bulawayo,"Share
Save",-20.20256,28.54378,https://www.airbnb.com/rooms/952778802780835777,https://www.airbnb.com/rooms/952778802780835777?adults=1&guests=1&check_in=2026-08-11&check_out=2026-08-13,$140,140.0,USD,,,Ben,False,,,,airbnb_data\Share_Save_952778802780835777
854958614279284172,Air B'N'B Brooks,Bulawayo,"Share
Save",-20.1971,28.5681,https://www.airbnb.com/rooms/854958614279284172,https://www.airbnb.com/rooms/854958614279284172?adults=1&guests=1&check_in=2026-08-11&check_out=2026-08-13,$154,154.0,USD,,,Edith,False,https://www.airbnb.com/contact_host/854958614279284172/send_message?adults=1&check_in=2026-08-11&check_out=2026-08-13,,,airbnb_data\Share_Save_854958614279284172
1111567777128739263,Cozy CBD Apartment,Bulawayo,"Share
Save",-20.15722,28.58833,https://www.airbnb.com/rooms/1111567777128739263,https://www.airbnb.com/rooms/1111567777128739263?adults=1&guests=1&check_in=2026-08-11&check_out=2026-08-13,$128,128.0,USD,,,Tariro,True,https://www.airbnb.com/contact_host/1111567777128739263/send_message?adults=1&check_in=2026-08-11&check_out=2026-08-13,,,airbnb_data\Share_Save_1111567777128739263
1198581302311948826,Ascot Chic Townhouse,Bulawayo,"Share
Save",-20.1622,28.61247,https://www.airbnb.com/rooms/1198581302311948826,https://www.airbnb.com/rooms/1198581302311948826?adults=1&guests=1&check_in=2026-08-11&check_out=2026-08-13,$338,338.0,USD,,,Samantha,False,,,,airbnb_data\Share_Save_1198581302311948826
812958622629336132,The Mulberry Place Self Contained Guesthouse,Bulawayo,"Share
Save",-20.13509,28.65113,https://www.airbnb.com/rooms/812958622629336132,https://www.airbnb.com/rooms/812958622629336132?adults=1&guests=1&check_in=2026-08-11&check_out=2026-08-13,,,,,,Susan,False,https://www.airbnb.com/contact_host/812958622629336132/send_message?adults=1&check_in=2026-08-11&check_out=2026-08-13,,"Rated 4.79 out of 5 stars.
4.79
How reviews work
How reviews work
5 of 7 items showing
Overall rating
5 stars, 79% of reviews
5
4 stars, 21% of reviews
4
3 stars, 0% of reviews
3
2 stars, 0% of review",airbnb_data\Share_Save_812958622629336132
1473750554636572761,J&M Namulangeni,Bulawayo,"Share
Save",-20.198978268974447,28.561783575744265,https://www.airbnb.com/rooms/1473750554636572761,https://www.airbnb.com/rooms/1473750554636572761?adults=1&guests=1&check_in=2026-08-11&check_out=2026-08-13,,,,,,Geoffrey,False,,,,airbnb_data\Share_Save_1473750554636572761
876158557049904442,Guest Suite 2,Bulawayo,"Share
Save",-20.1486,28.6312,https://www.airbnb.com/rooms/876158557049904442,https://www.airbnb.com/rooms/876158557049904442?adults=1&guests=1&check_in=2026-08-11&check_out=2026-08-13,,,,,,Mwarinda,False,https://www.airbnb.com/contact_host/876158557049904442/send_message?adults=1&check_in=2026-08-11&check_out=2026-08-13,Your price is below the 60-day average,"Your price is below the 60-day average
Your price is below the 60-day average
Your price is below the 60-day average
Your price is below the 60-day average
Your price is below the 60-day average
Your ",airbnb_data\Share_Save_876158557049904442
9876788,Gogo MaNkomos Ekasi...,Bulawayo,"Share
Save",-20.12209,28.49342,https://www.airbnb.com/rooms/9876788,https://www.airbnb.com/rooms/9876788?adults=1&guests=1&check_in=2026-08-11&check_out=2026-08-13,$38,38.0,USD,,,Makhosi,False,,,,airbnb_data\Share_Save_9876788
1395822195257909387,8 On Dianne - The Anastacia Suite,Bulawayo,"Share
Save",-20.2109,28.5909,https://www.airbnb.com/rooms/1395822195257909387,https://www.airbnb.com/rooms/1395822195257909387?adults=1&guests=1&check_in=2026-08-11&check_out=2026-08-13,$140,140.0,USD,,,,True,,,,airbnb_data\Share_Save_1395822195257909387
766360596801797158,Standard Room with Private Separate Bathroom,Bulawayo,"Share
Save",-20.19377,28.59556,https://www.airbnb.com/rooms/766360596801797158,https://www.airbnb.com/rooms/766360596801797158?adults=1&guests=1&check_in=2026-08-11&check_out=2026-08-13,,,,,,Judith,False,,,,airbnb_data\Share_Save_766360596801797158
736255895313607684,Bulawayo Bradfield Retreat - 3 Bed House,Bulawayo,"Share
Save",-20.17587,28.59403,https://www.airbnb.com/rooms/736255895313607684,https://www.airbnb.com/rooms/736255895313607684?adults=1&guests=1&check_in=2026-08-11&check_out=2026-08-13,,,,,,Travelnest,False,,,,airbnb_data\Share_Save_736255895313607684
39484703,Eland Home,Bulawayo,"Share
Save",-20.10826,28.64063,https://www.airbnb.com/rooms/39484703,https://www.airbnb.com/rooms/39484703?adults=1&guests=1&check_in=2026-08-11&check_out=2026-08-13,,,,,,Tendayi Bekithemba,False,https://www.airbnb.com/contact_host/39484703/send_message?adults=1&check_in=2026-08-11&check_out=2026-08-13,,"Rated 4.33 out of 5 stars.
4.33
This home is in the bottom 10% of eligible listings based on ratings, reviews, and reliability
How reviews work
How reviews work
5 of 7 items showing
Overall rating
5 s",airbnb_data\Share_Save_39484703
1419009525231122639,Sunset Golf View Villa,Bulawayo,"Share
Save",-20.2028,28.6537,https://www.airbnb.com/rooms/1419009525231122639,https://www.airbnb.com/rooms/1419009525231122639?adults=1&guests=1&check_in=2026-08-11&check_out=2026-08-13,$465,465.0,USD,,,Nonkululeko,False,,,,airbnb_data\Share_Save_1419009525231122639
52455200,Place on Oak 3,Bulawayo,"Share
Save",-20.16381,28.5928,https://www.airbnb.com/rooms/52455200,https://www.airbnb.com/rooms/52455200?adults=1&guests=1&check_in=2026-08-11&check_out=2026-08-13,September 2026,,,,,Mandy,True,https://www.airbnb.com/contact_host/52455200/send_message?adults=1&check_in=2026-08-11&check_out=2026-08-13,,"About this space
Keep it simple at this peaceful and centrally-located place. Perfect gate away for quick business trip or a weekend away. This unit is located in the quiet leafy Surbubs close to the ",airbnb_data\Share_Save_52455200
1710206452059629866,Backpackers Lil’Delight,Bulawayo,"Share
Save",-20.1122,28.6354,https://www.airbnb.com/rooms/1710206452059629866,https://www.airbnb.com/rooms/1710206452059629866?adults=1&guests=1&check_in=2026-08-11&check_out=2026-08-13,$68,68.0,USD,,,Unika,False,,,,airbnb_data\Share_Save_1710206452059629866
1465702514665204622,Cosy Homestay w/Pets - Solar- Starlink - Borehole,Bulawayo,"Share
Save",-20.18781,28.58655,https://www.airbnb.com/rooms/1465702514665204622,https://www.airbnb.com/rooms/1465702514665204622?adults=1&guests=1&check_in=2026-08-11&check_out=2026-08-13,,,,,,,False,,,"About this space
If you love dogs and cats, then this is the place to be. We have a beautiful garden in which you can relax and have your sundowners! It is very peaceful even though we are close to to",airbnb_data\Share_Save_1465702514665204622
864515774368467592,Bulawayo Studio • Solar • Starlink • AC • Sleeps 3,Bulawayo,"Share
Save",-20.18167,28.59557,https://www.airbnb.com/rooms/864515774368467592,https://www.airbnb.com/rooms/864515774368467592?adults=1&guests=1&check_in=2026-08-11&check_out=2026-08-13,,,,,,Alice,True,,,,airbnb_data\Share_Save_864515774368467592
1174740696295570323,Gogo's Fabulous Flatlet,Bulawayo,"Share
Save",-20.18814,28.58212,https://www.airbnb.com/rooms/1174740696295570323,https://www.airbnb.com/rooms/1174740696295570323?adults=1&guests=1&check_in=2026-08-11&check_out=2026-08-13,$80,80.0,USD,,,Kudzai,False,,Your price is below the 60-day average,"Your price is below the 60-day average
Your price is below the 60-day average
Your price is below the 60-day average
Your price is below the 60-day average
Your price is below the 60-day average
Your ",airbnb_data\Share_Save_1174740696295570323
1279108249497683977,Cosy Homes Bulawayo - close to ZITF,Bulawayo,"Share
Save",-20.1618,28.5879,https://www.airbnb.com/rooms/1279108249497683977,https://www.airbnb.com/rooms/1279108249497683977?adults=1&guests=1&check_in=2026-08-11&check_out=2026-08-13,,,,,,Shannon,False,https://www.airbnb.com/contact_host/1279108249497683977/send_message?adults=1&check_in=2026-08-11&check_out=2026-08-13,,"Rated 4.67 out of 5 stars.
4.67
How reviews work
How reviews work
5 of 7 items showing
Overall rating
5 stars, 89% of reviews
5
4 stars, 0% of reviews
4
3 stars, 0% of reviews
3
2 stars, 11% of review",airbnb_data\Share_Save_1279108249497683977
1590713072479730079,Dee’s Guesthouse,Bulawayo,"Share
Save",-20.2216,28.6058,https://www.airbnb.com/rooms/1590713072479730079,https://www.airbnb.com/rooms/1590713072479730079?adults=1&guests=1&check_in=2026-08-11&check_out=2026-08-13,,,,,,Mrs Dee,False,https://www.airbnb.com/contact_host/1590713072479730079/send_message?adults=1&check_in=2026-08-11&check_out=2026-08-13,,"About this space
Surrounded by a beautiful garden, this modern self contained guesthouse offers the perfect balance of comfort, tranquility and relaxation.

Whether you are on a business trip , weeken",airbnb_data\Share_Save_1590713072479730079
836256359099902606,Modern 3 BR 2BA Near City Center w/ Solar,Bulawayo,"Share
Save",-20.17822,28.61672,https://www.airbnb.com/rooms/836256359099902606,https://www.airbnb.com/rooms/836256359099902606?adults=1&guests=1&check_in=2026-08-11&check_out=2026-08-13,Modern 3 BR 2BA Near City Center w/ Solar,,,,,Michelle,False,https://www.airbnb.com/contact_host/836256359099902606/send_message?adults=1&check_in=2026-08-11&check_out=2026-08-13,,,airbnb_data\Share_Save_836256359099902606
1167945399278438024,King's Executive Poolside Villa- Hillside.,Bulawayo,"Share
Save",-20.2066,28.5821,https://www.airbnb.com/rooms/1167945399278438024,https://www.airbnb.com/rooms/1167945399278438024?adults=1&guests=1&check_in=2026-08-11&check_out=2026-08-13,,,,,,Collieen,False,,,"About this space
Relax and unwind at the beautifully designed villa nestled in the peaceful suburb of Hillside . King's Executive Villa offers a pristine poolside experience with modern finishings and",airbnb_data\Share_Save_1167945399278438024
1177302892584717646,Stone wall cottage - White Porch Guest House,Bulawayo,"Share
Save",-20.19367,28.59751,https://www.airbnb.com/rooms/1177302892584717646,https://www.airbnb.com/rooms/1177302892584717646?adults=1&guests=1&check_in=2026-08-11&check_out=2026-08-13,Hosted by Never 6 years hosting,,,,,Never,False,,,,airbnb_data\Share_Save_1177302892584717646
1511843480601646210,KoPhiri,Bulawayo,"Share
Save",-20.143447283937043,28.599926005696325,https://www.airbnb.com/rooms/1511843480601646210,https://www.airbnb.com/rooms/1511843480601646210?adults=1&guests=1&check_in=2026-08-11&check_out=2026-08-13,,,,,,Henrieta,False,,,,airbnb_data\Share_Save_1511843480601646210
1508628280334133034,SkyLuxe Penthouse,Bulawayo,"Share
Save",-20.1587,28.5811,https://www.airbnb.com/rooms/1508628280334133034,https://www.airbnb.com/rooms/1508628280334133034?adults=1&guests=1&check_in=2026-08-11&check_out=2026-08-13,,,,,,Lin,True,,,,airbnb_data\Share_Save_1508628280334133034
1517091691459149003,Frinton Cottage,Bulawayo,"Share
Save",-20.18333,28.64445,https://www.airbnb.com/rooms/1517091691459149003,https://www.airbnb.com/rooms/1517091691459149003?adults=1&guests=1&check_in=2026-08-11&check_out=2026-08-13,,,,,,Gugu,False,https://www.airbnb.com/contact_host/1517091691459149003/send_message?adults=1&check_in=2026-08-11&check_out=2026-08-13,,"Rated 5.0 out of 5 from 8 reviews.
5.0
Guest favorite
This home is a guest favorite based on ratings, reviews, and reliability
Learn more
Learn more
5 of 7 items showing
Overall rating
5 stars, 100% o",airbnb_data\Share_Save_1517091691459149003
1346246246707290388,Cozy 2 bedroom Villa in Hillside,Bulawayo,"Share
Save",-20.1987,28.6022,https://www.airbnb.com/rooms/1346246246707290388,https://www.airbnb.com/rooms/1346246246707290388?adults=1&guests=1&check_in=2026-08-11&check_out=2026-08-13,,,,,,Lindy's Place,False,,,,airbnb_data\Share_Save_1346246246707290388
1004820448242511037,Buffalo Place,Bulawayo,"Share
Save",-20.19976,28.62553,https://www.airbnb.com/rooms/1004820448242511037,https://www.airbnb.com/rooms/1004820448242511037?adults=1&guests=1&check_in=2026-08-11&check_out=2026-08-13,,,,,,Kevin,False,https://www.airbnb.com/contact_host/1004820448242511037/send_message?adults=1&check_in=2026-08-11&check_out=2026-08-13,,"About this space
The Buffalo Place offers a unique and comfortable stay for travellers and also a cozy and welcoming atmosphere for guests.
The accommodation is equipped with modern amenities to ensur",airbnb_data\Share_Save_1004820448242511037
1319005982074917710,Thamu's Luxury Apartments - Hosted by Thembie.,Bulawayo,"Share
Save",-20.1456,28.5867,https://www.airbnb.com/rooms/1319005982074917710,https://www.airbnb.com/rooms/1319005982074917710?adults=1&guests=1&check_in=2026-08-11&check_out=2026-08-13,,,,,,Thembie,False,https://www.airbnb.com/contact_host/1319005982074917710/send_message?adults=1&check_in=2026-08-11&check_out=2026-08-13,,"About this space
Enjoy a stylish stay in the heart of Bulawayo! This 2-bedroom apartment (sleeps 5) features 2 queen beds, a sofa bed, and a modern bathroom. Cook using a gas cooker, relax with hot wa",airbnb_data\Share_Save_1319005982074917710
1354880899791738336,Comfort Inn Bed and Breakfast_ Blue Room,Bulawayo,"Share
Save",-20.1439,28.6281,https://www.airbnb.com/rooms/1354880899791738336,https://www.airbnb.com/rooms/1354880899791738336?adults=1&guests=1&check_in=2026-08-11&check_out=2026-08-13,$94,94.0,USD,,,Ruramisai,False,,,,airbnb_data\Share_Save_1354880899791738336
1202071023501631405,White Thatch’s Garden View,Bulawayo,"Share
Save",-20.19417,28.5977,https://www.airbnb.com/rooms/1202071023501631405,https://www.airbnb.com/rooms/1202071023501631405?adults=1&guests=1&check_in=2026-08-11&check_out=2026-08-13,,,,,,Never,False,,,,airbnb_data\Share_Save_1202071023501631405
920246805457534318,Selina’s comfy cottage,Bulawayo,"Share
Save",-20.16443,28.60267,https://www.airbnb.com/rooms/920246805457534318,https://www.airbnb.com/rooms/920246805457534318?adults=1&guests=1&check_in=2026-08-11&check_out=2026-08-13,$114,114.0,USD,,,Gugulethu,True,https://www.airbnb.com/contact_host/920246805457534318/send_message?adults=1&check_in=2026-08-11&check_out=2026-08-13,,,airbnb_data\Share_Save_920246805457534318
16639729,Grey Oak Holiday House,Bulawayo,"Share
Save",-20.11801,28.64221,https://www.airbnb.com/rooms/16639729,https://www.airbnb.com/rooms/16639729?adults=1&guests=1&check_in=2026-08-11&check_out=2026-08-13,$163,163.0,USD,,,Ben,False,https://www.airbnb.com/contact_host/16639729/send_message?adults=1&check_in=2026-08-11&check_out=2026-08-13,,"About this space
LOOKING FOR SPACE, COMFORT, PRIVACY AND A TOUCH OF LUXURY
The moment you walk through the front door from the expansive front veranda, you understand this home is designed to suit a b",airbnb_data\Share_Save_16639729
54172090,Place On Oak unit 2,Bulawayo,"Share
Save",-20.16532,28.59142,https://www.airbnb.com/rooms/54172090,https://www.airbnb.com/rooms/54172090?adults=1&guests=1&check_in=2026-08-11&check_out=2026-08-13,,,,,,Mandy,True,https://www.airbnb.com/contact_host/54172090/send_message?adults=1&check_in=2026-08-11&check_out=2026-08-13,,"Rated 4.73 out of 5 stars.
4.73
How reviews work
How reviews work
5 of 7 items showing
Overall rating
5 stars, 77% of reviews
5
4 stars, 20% of reviews
4
3 stars, 3% of reviews
3
2 stars, 0% of review",airbnb_data\Share_Save_54172090
1505730880753327812,KUTEK Guesthouse,Bulawayo,"Share
Save",-20.19286,28.59142,https://www.airbnb.com/rooms/1505730880753327812,https://www.airbnb.com/rooms/1505730880753327812?adults=1&guests=1&check_in=2026-08-11&check_out=2026-08-13,$73,73.0,USD,,,,False,,,,airbnb_data\Share_Save_1505730880753327812
17243500,Bulawayo's best spot.,Bulawayo,"Share
Save",-20.1543,28.60625,https://www.airbnb.com/rooms/17243500,https://www.airbnb.com/rooms/17243500?adults=1&guests=1&check_in=2026-08-11&check_out=2026-08-13,$133,133.0,USD,,,Adam,True,https://www.airbnb.com/contact_host/17243500/send_message?adults=1&check_in=2026-08-11&check_out=2026-08-13,,,airbnb_data\Share_Save_17243500
1579079948932191998,Mizu Bnb 2 (Room 1),Bulawayo,"Share
Save",-20.1442,28.5825,https://www.airbnb.com/rooms/1579079948932191998,https://www.airbnb.com/rooms/1579079948932191998?adults=1&guests=1&check_in=2026-08-11&check_out=2026-08-13,$62,62.0,USD,,,Tamlyn,False,https://www.airbnb.com/contact_host/1579079948932191998/send_message?adults=1&check_in=2026-08-11&check_out=2026-08-13,,,airbnb_data\Share_Save_1579079948932191998
1672719306880109548,Cozy & Peaceful Apartment – Yo Home Away from Home,Bulawayo,"Share
Save",-20.24862,28.65616,https://www.airbnb.com/rooms/1672719306880109548,https://www.airbnb.com/rooms/1672719306880109548?adults=1&guests=1&check_in=2026-08-11&check_out=2026-08-13,$85,85.0,USD,,,Sipho,False,https://www.airbnb.com/contact_host/1672719306880109548/send_message?adults=1&check_in=2026-08-11&check_out=2026-08-13,,,airbnb_data\Share_Save_1672719306880109548
18302620,Peacock cottage,Bulawayo,"Share
Save",-20.22174,28.60921,https://www.airbnb.com/rooms/18302620,https://www.airbnb.com/rooms/18302620?adults=1&guests=1&check_in=2026-08-11&check_out=2026-08-13,$126,126.0,USD,,,Samantha,True,,,,airbnb_data\Share_Save_18302620
1689168978339128872,Moffat House Retreat 2,Bulawayo,"Share
Save",-20.210435663862242,28.57970448478374,https://www.airbnb.com/rooms/1689168978339128872,https://www.airbnb.com/rooms/1689168978339128872?adults=1&guests=1&check_in=2026-08-11&check_out=2026-08-13,$113,113.0,USD,,,Nokwanda,False,,,,airbnb_data\Share_Save_1689168978339128872
1380576367068017016,Stay tuned,Bulawayo,,,,https://www.airbnb.com/rooms/1380576367068017016,https://www.airbnb.com/rooms/1380576367068017016?adults=1&guests=1&check_in=2026-08-11&check_out=2026-08-13,,,,,,,False,,,,airbnb_data\Stay_tuned_1380576367068017016
1726003379293722231,"The Olive Residence | 3BR, Pool, Boma & Coffee Bar",Bulawayo,"Share
Save",-20.2178,28.6059,https://www.airbnb.com/rooms/1726003379293722231,https://www.airbnb.com/rooms/1726003379293722231?adults=1&guests=1&check_in=2026-08-11&check_out=2026-08-13,"The Olive Residence | 3BR, Pool, Boma & Coffee Bar",,,,,Narjwa,False,https://www.airbnb.com/contact_host/1726003379293722231/send_message?adults=1&check_in=2026-08-11&check_out=2026-08-13,,"About this space
Welcome to The Olive Residence. Our home features 3 bedrooms, 2 full bathrooms, and a guest bathroom. The property offers a garage for 2 vehicles.

Enjoy your morning coffee from our ",airbnb_data\Share_Save_1726003379293722231
1684030235531488296,Motel style Room 14,Bulawayo,"Share
Save",-20.213840896696187,28.584927226673134,https://www.airbnb.com/rooms/1684030235531488296,https://www.airbnb.com/rooms/1684030235531488296?adults=1&guests=1&check_in=2026-08-11&check_out=2026-08-13,$87,87.0,USD,,,Promise,True,,,,airbnb_data\Share_Save_1684030235531488296
47153197,Entire 3 bed guesthouse. Wifi included.,Bulawayo,"Share
Save",-20.22484,28.60589,https://www.airbnb.com/rooms/47153197,https://www.airbnb.com/rooms/47153197?adults=1&guests=1&check_in=2026-08-11&check_out=2026-08-13,,,,,,,True,https://www.airbnb.com/contact_host/47153197/send_message?adults=1&check_in=2026-08-11&check_out=2026-08-13,,"About this space
3 bed guesthouse. This booking is for the entire house. Wifi included. Early check in will be accommodated where possible.

Also available are refreshments, self catering food items f",airbnb_data\Share_Save_47153197
32968138,Bulawayo's Best Spot (2),Bulawayo,"Share
Save",-20.16739,28.60288,https://www.airbnb.com/rooms/32968138,https://www.airbnb.com/rooms/32968138?adults=1&guests=1&check_in=2026-08-11&check_out=2026-08-13,$152,152.0,USD,,,Adam,True,,,,airbnb_data\Share_Save_32968138
1344944113683902041,Singles&couples corner,Bulawayo,"Share
Save",-20.18441507235569,28.58701011003508,https://www.airbnb.com/rooms/1344944113683902041,https://www.airbnb.com/rooms/1344944113683902041?adults=1&guests=1&check_in=2026-08-11&check_out=2026-08-13,Hosted by Peter 1 year hosting,,,,,Peter,False,,,,airbnb_data\Share_Save_1344944113683902041
1639701832584767067,Cozy escape,Bulawayo,"Share
Save",-20.1249,28.6069,https://www.airbnb.com/rooms/1639701832584767067,https://www.airbnb.com/rooms/1639701832584767067?adults=1&guests=1&check_in=2026-08-11&check_out=2026-08-13,,,,,,Bati,False,https://www.airbnb.com/contact_host/1639701832584767067/send_message?adults=1&check_in=2026-08-11&check_out=2026-08-13,,"About this space
Kick back and relax in this calm, serene yet centrally located space. The perfect base for exploring the city as it is only 5km from the city center. Enjoy the spacious green garden o",airbnb_data\Share_Save_1639701832584767067
1668013611131248637,Hillside Budget En-suite,Bulawayo,"Share
Save",-20.1925,28.6253,https://www.airbnb.com/rooms/1668013611131248637,https://www.airbnb.com/rooms/1668013611131248637?adults=1&guests=1&check_in=2026-08-11&check_out=2026-08-13,,,,,,,False,,,,airbnb_data\Share_Save_1668013611131248637
1354885145113627319,Comfort Inn Bed and Breakfast_Grey Room,Bulawayo,"Share
Save",-20.1439,28.6281,https://www.airbnb.com/rooms/1354885145113627319,https://www.airbnb.com/rooms/1354885145113627319?adults=1&guests=1&check_in=2026-08-11&check_out=2026-08-13,$94,94.0,USD,,,Ruramisai,False,https://www.airbnb.com/contact_host/1354885145113627319/send_message?adults=1&check_in=2026-08-11&check_out=2026-08-13,,,airbnb_data\Share_Save_1354885145113627319
818592117932950771,Room 2 Selborne Hotel,Bulawayo,"Share
Save",-20.1539,28.586,https://www.airbnb.com/rooms/818592117932950771,https://www.airbnb.com/rooms/818592117932950771?adults=1&guests=1&check_in=2026-08-11&check_out=2026-08-13,$152,152.0,USD,,,Selborne Hotel,False,,,,airbnb_data\Share_Save_818592117932950771
1278778875226804077,Anna Lodge,Bulawayo,"Share
Save",-20.1754,28.59234,https://www.airbnb.com/rooms/1278778875226804077,https://www.airbnb.com/rooms/1278778875226804077?adults=1&guests=1&check_in=2026-08-11&check_out=2026-08-13,,,,,,Lindelwe Michael,True,https://www.airbnb.com/contact_host/1278778875226804077/send_message?adults=1&check_in=2026-08-11&check_out=2026-08-13,,"Rated 5.0 out of 5 from 20 reviews.
5.0
Guest favorite
This home is in the top 10% of eligible listings based on ratings, reviews, and reliability
Learn more
Learn more
5 of 7 items showing
Overall ra",airbnb_data\Share_Save_1278778875226804077
1179285100294736859,CEE’s Luxury Townhouses,Bulawayo,"Share
Save",-20.16398,28.608,https://www.airbnb.com/rooms/1179285100294736859,https://www.airbnb.com/rooms/1179285100294736859?adults=1&guests=1&check_in=2026-08-11&check_out=2026-08-13,,,,,,Cynthia,False,,,,airbnb_data\Share_Save_1179285100294736859
1307852102345500239,Lovely One Bed in Woodlands,Bulawayo,"Share
Save",-20.17698987317895,28.618632852417342,https://www.airbnb.com/rooms/1307852102345500239,https://www.airbnb.com/rooms/1307852102345500239?adults=1&guests=1&check_in=2026-08-11&check_out=2026-08-13,,,,,,Ziggy,False,,,,airbnb_data\Share_Save_1307852102345500239
52219266,Olive Grove-Executive stunning 1bed home.,Bulawayo,"Share
Save",-20.18826,28.60708,https://www.airbnb.com/rooms/52219266,https://www.airbnb.com/rooms/52219266?adults=1&guests=1&check_in=2026-08-11&check_out=2026-08-13,$159,159.0,USD,,,Nomvuyo,False,,,,airbnb_data\Share_Save_52219266
1353959253122941325,Familyfriendlyhome.,Bulawayo,"Share
Save",-20.183264296931206,28.58527731106075,https://www.airbnb.com/rooms/1353959253122941325,https://www.airbnb.com/rooms/1353959253122941325?adults=1&guests=1&check_in=2026-08-11&check_out=2026-08-13,Hosted by Peter 1 year hosting,,,,,Peter,False,https://www.airbnb.com/contact_host/1353959253122941325/send_message?adults=1&check_in=2026-08-11&check_out=2026-08-13,,,airbnb_data\Share_Save_1353959253122941325
1293291149802491856,Kumalo Mews: Your home away from home in Bulawayo,Bulawayo,"Share
Save",-20.1461,28.6182,https://www.airbnb.com/rooms/1293291149802491856,https://www.airbnb.com/rooms/1293291149802491856?adults=1&guests=1&check_in=2026-08-11&check_out=2026-08-13,$169,169.0,USD,,,Providence,False,https://www.airbnb.com/contact_host/1293291149802491856/send_message?adults=1&check_in=2026-08-11&check_out=2026-08-13,,"About this space
Experience true comfort and convenience at Kumalo Mews. Our home features :
- Two spacious bedrooms & two bathrooms with comfortable beds
- A bright lounge with DSTV
- Fully equipped ",airbnb_data\Share_Save_1293291149802491856
52343175,CORNER HOUSE spacious & extensive gardens,Bulawayo,"Share
Save",-20.19665,28.59064,https://www.airbnb.com/rooms/52343175,https://www.airbnb.com/rooms/52343175?adults=1&guests=1&check_in=2026-08-11&check_out=2026-08-13,,,,,,Marilyn,False,https://www.airbnb.com/contact_host/52343175/send_message?adults=1&check_in=2026-08-11&check_out=2026-08-13,,"Rated 4.73 out of 5 stars.
4.73
How reviews work
How reviews work
5 of 7 items showing
Overall rating
5 stars, 76% of reviews
5
4 stars, 21% of reviews
4
3 stars, 3% of reviews
3
2 stars, 0% of review",airbnb_data\Share_Save_52343175
52329663,Urban Farm Cottage 2,Bulawayo,"Share
Save",-20.09482,28.61949,https://www.airbnb.com/rooms/52329663,https://www.airbnb.com/rooms/52329663?adults=1&guests=1&check_in=2026-08-11&check_out=2026-08-13,$80,80.0,USD,,,Calvin Eugene,False,,,,airbnb_data\Share_Save_52329663
1698485686564171412,Patsons Place at Phoenix,Bulawayo,"Share
Save",-20.1608,28.6131,https://www.airbnb.com/rooms/1698485686564171412,https://www.airbnb.com/rooms/1698485686564171412?adults=1&guests=1&check_in=2026-08-11&check_out=2026-08-13,,,,,,Samantha,False,https://www.airbnb.com/contact_host/1698485686564171412/send_message?adults=1&check_in=2026-08-11&check_out=2026-08-13,,"About this space
Enjoy a cosy experience at this centrally-located 2 bedroomed townhouse in a secure gated community. Stylishly furnished and ideal for business visitors or small families

The space
A",airbnb_data\Share_Save_1698485686564171412
1685422246069357202,Butterfly Oasis Byo,Bulawayo,"Share
Save",-20.144385181984305,28.58864107956901,https://www.airbnb.com/rooms/1685422246069357202,https://www.airbnb.com/rooms/1685422246069357202?adults=1&guests=1&check_in=2026-08-11&check_out=2026-08-13,,,,,,Grateful,False,https://www.airbnb.com/contact_host/1685422246069357202/send_message?adults=1&check_in=2026-08-11&check_out=2026-08-13,,"Rated 4.75 out of 5 stars.
4.75
How reviews work
How reviews work
5 of 7 items showing
Overall rating
5 stars, 75% of reviews
5
4 stars, 25% of reviews
4
3 stars, 0% of reviews
3
2 stars, 0% of review",airbnb_data\Share_Save_1685422246069357202
14023524,Cottage on a hill,Bulawayo,"Share
Save",-20.2089,28.59053,https://www.airbnb.com/rooms/14023524,https://www.airbnb.com/rooms/14023524?adults=1&guests=1&check_in=2026-08-11&check_out=2026-08-13,September 2026,,,,,Natascha,False,https://www.airbnb.com/contact_host/14023524/send_message?adults=1&check_in=2026-08-11&check_out=2026-08-13,,"About this space
My place is close to family-friendly activities, the city center

The Matopos.
Short drive from town..

You’ll love my place because of the kitchen, the comfy bed, the neighborhood, t",airbnb_data\Share_Save_14023524
1353553049441193375,Self Catering accommodation,Bulawayo,"Share
Save",-20.1987,28.6073,https://www.airbnb.com/rooms/1353553049441193375,https://www.airbnb.com/rooms/1353553049441193375?adults=1&guests=1&check_in=2026-08-11&check_out=2026-08-13,$243,243.0,USD,,,Mary,False,,,,airbnb_data\Share_Save_1353553049441193375
1403033697412569668,Guest Suite 3,Bulawayo,"Share
Save",-20.1486,28.6314,https://www.airbnb.com/rooms/1403033697412569668,https://www.airbnb.com/rooms/1403033697412569668?adults=1&guests=1&check_in=2026-08-11&check_out=2026-08-13,$70,70.0,USD,,,Mwarinda,False,https://www.airbnb.com/contact_host/1403033697412569668/send_message?adults=1&check_in=2026-08-11&check_out=2026-08-13,,,airbnb_data\Share_Save_1403033697412569668
1006454846957808605,Cozy home in gated community near wonderful dining,Bulawayo,"Share
Save",-20.1903,28.6113,https://www.airbnb.com/rooms/1006454846957808605,https://www.airbnb.com/rooms/1006454846957808605?adults=1&guests=1&check_in=2026-08-11&check_out=2026-08-13,,,,,,Margaret,False,https://www.airbnb.com/contact_host/1006454846957808605/send_message?adults=1&check_in=2026-08-11&check_out=2026-08-13,,,airbnb_data\Share_Save_1006454846957808605
1639181384566436631,Little cottage on Morton Street,Bulawayo,"Share
Save",-20.12922,28.60406,https://www.airbnb.com/rooms/1639181384566436631,https://www.airbnb.com/rooms/1639181384566436631?adults=1&guests=1&check_in=2026-08-11&check_out=2026-08-13,,,,,,Carol,False,,,,airbnb_data\Share_Save_1639181384566436631
1390338560272054249,Home away from Home,Bulawayo,"Share
Save",-20.195456182741932,28.578550846206547,https://www.airbnb.com/rooms/1390338560272054249,https://www.airbnb.com/rooms/1390338560272054249?adults=1&guests=1&check_in=2026-08-11&check_out=2026-08-13,,,,,,Tapiwa,False,,,,airbnb_data\Share_Save_1390338560272054249
40562538,The Loft,Bulawayo,"Share
Save",-20.22173,28.60974,https://www.airbnb.com/rooms/40562538,https://www.airbnb.com/rooms/40562538?adults=1&guests=1&check_in=2026-08-11&check_out=2026-08-13,$96,96.0,USD,,,Samantha,True,https://www.airbnb.com/contact_host/40562538/send_message?adults=1&check_in=2026-08-11&check_out=2026-08-13,Your price is below the 60-day average,"Your price is below the 60-day average
Your price is below the 60-day average
Your price is below the 60-day average
Your price is below the 60-day average
Your price is below the 60-day average
Your ",airbnb_data\Share_Save_40562538
1733324608648465687,A cozy home away from home,Bulawayo,"Share
Save",-20.1855,28.6005,https://www.airbnb.com/rooms/1733324608648465687,https://www.airbnb.com/rooms/1733324608648465687?adults=1&guests=1&check_in=2026-08-11&check_out=2026-08-13,$120,120.0,USD,,,Tayesa,True,https://www.airbnb.com/contact_host/1733324608648465687/send_message?adults=1&check_in=2026-08-11&check_out=2026-08-13,,,airbnb_data\Share_Save_1733324608648465687
1435631998586663511,a home away from home,Bulawayo,"Share
Save",-20.0893,28.6308,https://www.airbnb.com/rooms/1435631998586663511,https://www.airbnb.com/rooms/1435631998586663511?adults=1&guests=1&check_in=2026-08-11&check_out=2026-08-13,,,,,,Vimbai,False,,,,airbnb_data\Share_Save_1435631998586663511
1289179579985945495,Stay tuned,Bulawayo,,,,https://www.airbnb.com/rooms/1289179579985945495,https://www.airbnb.com/rooms/1289179579985945495?adults=1&guests=1&check_in=2026-08-11&check_out=2026-08-13,,,,,,,False,,,,airbnb_data\Stay_tuned_1289179579985945495
1652361718441455083,Little Nest 3 Burnside Bulawayo,Bulawayo,"Share
Save",-20.2234,28.6165,https://www.airbnb.com/rooms/1652361718441455083,https://www.airbnb.com/rooms/1652361718441455083?adults=1&guests=1&check_in=2026-08-11&check_out=2026-08-13,$93,93.0,USD,,,Themba,True,,,,airbnb_data\Share_Save_1652361718441455083
42460694,Gabled Dreams,Bulawayo,"Share
Save",-20.20239,28.6023,https://www.airbnb.com/rooms/42460694,https://www.airbnb.com/rooms/42460694?adults=1&guests=1&check_in=2026-08-11&check_out=2026-08-13,$142,142.0,USD,,,Karen,False,https://www.airbnb.com/contact_host/42460694/send_message?adults=1&check_in=2026-08-11&check_out=2026-08-13,Your price is below the 60-day average,"Your price is below the 60-day average
Your price is below the 60-day average
Your price is below the 60-day average
Your price is below the 60-day average
Your price is below the 60-day average
Your ",airbnb_data\Share_Save_42460694
1664560569191703429,Lux Bnb Morningside Room 2,Bulawayo,"Share
Save",-20.208752315519693,28.575225902344545,https://www.airbnb.com/rooms/1664560569191703429,https://www.airbnb.com/rooms/1664560569191703429?adults=1&guests=1&check_in=2026-08-11&check_out=2026-08-13,$94,94.0,USD,,,Mutiu,False,https://www.airbnb.com/contact_host/1664560569191703429/send_message?adults=1&check_in=2026-08-11&check_out=2026-08-13,,,airbnb_data\Share_Save_1664560569191703429
1053691801501780324,B~Zeela Apartment,Bulawayo,"Share
Save",-20.1594,28.5809,https://www.airbnb.com/rooms/1053691801501780324,https://www.airbnb.com/rooms/1053691801501780324?adults=1&guests=1&check_in=2026-08-11&check_out=2026-08-13,$82,82.0,USD,,,Sinokubekezela P,True,,,,airbnb_data\Share_Save_1053691801501780324
1737473318002127292,Rhinoceros,Bulawayo,"Share
Save",-20.187,28.6177,https://www.airbnb.com/rooms/1737473318002127292,https://www.airbnb.com/rooms/1737473318002127292?adults=1&guests=1&check_in=2026-08-11&check_out=2026-08-13,$215,215.0,USD,,,Nomagugu,False,https://www.airbnb.com/contact_host/1737473318002127292/send_message?adults=1&check_in=2026-08-11&check_out=2026-08-13,,,airbnb_data\Share_Save_1737473318002127292
1548510123961105862,"2 Bedroom BNB at 51 Airport Rd, Northend",Bulawayo,"Share
Save",-20.15751,28.58807,https://www.airbnb.com/rooms/1548510123961105862,https://www.airbnb.com/rooms/1548510123961105862?adults=1&guests=1&check_in=2026-08-11&check_out=2026-08-13,,,,,,Michaela,False,,,,airbnb_data\Share_Save_1548510123961105862
1538342669555653937,Exquisite one bedroomed apartment - 2043,Bulawayo,"Share
Save",-20.18851,28.60687,https://www.airbnb.com/rooms/1538342669555653937,https://www.airbnb.com/rooms/1538342669555653937?adults=1&guests=1&check_in=2026-08-11&check_out=2026-08-13,$210,210.0,USD,,,Yourrentl,False,https://www.airbnb.com/contact_host/1538342669555653937/send_message?adults=1&check_in=2026-08-11&check_out=2026-08-13,,"This host is offering a discount
This host is offering a discount
This host is offering a discount
This host is offering a discount
This host is offering a discount
This host is offering a discount
Th",airbnb_data\Share_Save_1538342669555653937
1607416222354247605,Diamond Cottage,Bulawayo,"Share
Save",-20.2217,28.5833,https://www.airbnb.com/rooms/1607416222354247605,https://www.airbnb.com/rooms/1607416222354247605?adults=1&guests=1&check_in=2026-08-11&check_out=2026-08-13,$130,130.0,USD,,,Matsha,True,,,,airbnb_data\Share_Save_1607416222354247605
11906387,Stay tuned,Bulawayo,,,,https://www.airbnb.com/rooms/11906387,https://www.airbnb.com/rooms/11906387?adults=1&guests=1&check_in=2026-08-11&check_out=2026-08-13,,,,,,,False,,,,airbnb_data\Stay_tuned_11906387
48878152,Queen Bulawayo Villa suite 5,Bulawayo,"Share
Save",-20.16232,28.59603,https://www.airbnb.com/rooms/48878152,https://www.airbnb.com/rooms/48878152?adults=1&guests=1&check_in=2026-08-11&check_out=2026-08-13,$130,130.0,USD,,,Ndlovukazi Bulawayo Villa,False,https://www.airbnb.com/contact_host/48878152/send_message?adults=1&check_in=2026-08-11&check_out=2026-08-13,,,airbnb_data\Share_Save_48878152
1067714199690773895,Hosted by Muta,Bulawayo,"Share
Save",-20.1301,28.6062,https://www.airbnb.com/rooms/1067714199690773895,https://www.airbnb.com/rooms/1067714199690773895?adults=1&guests=1&check_in=2026-08-11&check_out=2026-08-13,,,,,,Muta,False,https://www.airbnb.com/contact_host/1067714199690773895/send_message?adults=1&check_in=2026-08-11&check_out=2026-08-13,,"Rated 4.82 out of 5 from 28 reviews.
4.82
Guest favorite
This home is a guest favorite based on ratings, reviews, and reliability
How reviews work
How reviews work
5 of 7 items showing
Overall rating
",airbnb_data\Share_Save_1067714199690773895
638350336787298596,Cosy Lovely Home in Bulawayo,Bulawayo,"Share
Save",-20.16977,28.65528,https://www.airbnb.com/rooms/638350336787298596,https://www.airbnb.com/rooms/638350336787298596?adults=1&guests=1&check_in=2026-08-11&check_out=2026-08-13,$138,138.0,USD,,,Inothando,False,https://www.airbnb.com/contact_host/638350336787298596/send_message?adults=1&check_in=2026-08-11&check_out=2026-08-13,Your price is below the 60-day average,"Your price is below the 60-day average
Your price is below the 60-day average
Your price is below the 60-day average
Your price is below the 60-day average
Your price is below the 60-day average
Your ",airbnb_data\Share_Save_638350336787298596
1716115551349246653,Burnside Rock Room 1,Bulawayo,"Share
Save",-20.2151,28.6004,https://www.airbnb.com/rooms/1716115551349246653,https://www.airbnb.com/rooms/1716115551349246653?adults=1&guests=1&check_in=2026-08-11&check_out=2026-08-13,$59,59.0,USD,,,Norma,False,https://www.airbnb.com/contact_host/1716115551349246653/send_message?adults=1&check_in=2026-08-11&check_out=2026-08-13,,,airbnb_data\Share_Save_1716115551349246653
1516721171969624991,Little Nest 1 Burnside,Bulawayo,"Share
Save",-20.22416774515677,28.616838698100562,https://www.airbnb.com/rooms/1516721171969624991,https://www.airbnb.com/rooms/1516721171969624991?adults=1&guests=1&check_in=2026-08-11&check_out=2026-08-13,,,,,,Themba,True,,,,airbnb_data\Share_Save_1516721171969624991
1327994369646555581,The Matopos Diamond,Bulawayo,"Share
Save",-20.1836,28.5864,https://www.airbnb.com/rooms/1327994369646555581,https://www.airbnb.com/rooms/1327994369646555581?adults=1&guests=1&check_in=2026-08-11&check_out=2026-08-13,Hosted by Peter 1 year hosting,,,,,Peter,False,,,,airbnb_data\Share_Save_1327994369646555581
766338757452475087,Crocodile Rock - Deluxe En-suite,Bulawayo,"Share
Save",-20.19448,28.59427,https://www.airbnb.com/rooms/766338757452475087,https://www.airbnb.com/rooms/766338757452475087?adults=1&guests=1&check_in=2026-08-11&check_out=2026-08-13,,,,,,Judith,False,https://www.airbnb.com/contact_host/766338757452475087/send_message?adults=1&check_in=2026-08-11&check_out=2026-08-13,,"No rating yet
Average rating will appear after 3 reviews
How reviews work
How reviews work
Detailed ratings will appear once more guests have reviewed this place.
2 reviews
Ratings sort order: Most re",airbnb_data\Share_Save_766338757452475087
1545771038528034130,The Nook Apartment in Bulawayo opposite Zitf,Bulawayo,"Share
Save",-20.166142727278864,28.58687325033211,https://www.airbnb.com/rooms/1545771038528034130,https://www.airbnb.com/rooms/1545771038528034130?adults=1&guests=1&check_in=2026-08-11&check_out=2026-08-13,$80,80.0,USD,,,Dumoluhle,False,,,,airbnb_data\Share_Save_1545771038528034130
1726117942584665483,Sunview Cozy,Bulawayo,"Share
Save",-20.1948,28.5986,https://www.airbnb.com/rooms/1726117942584665483,https://www.airbnb.com/rooms/1726117942584665483?adults=1&guests=1&check_in=2026-08-11&check_out=2026-08-13,Hosted by Never 6 years hosting,,,,,Never,False,https://www.airbnb.com/contact_host/1726117942584665483/send_message?adults=1&check_in=2026-08-11&check_out=2026-08-13,,,airbnb_data\Share_Save_1726117942584665483
1455842450766017027,No. 4 Bliss: Your Stylish Escape (4 Bedrooms),Bulawayo,"Share
Save",-20.1899,28.5887,https://www.airbnb.com/rooms/1455842450766017027,https://www.airbnb.com/rooms/1455842450766017027?adults=1&guests=1&check_in=2026-08-11&check_out=2026-08-13,$93,93.0,USD,,,Ron,False,https://www.airbnb.com/contact_host/1455842450766017027/send_message?adults=1&check_in=2026-08-11&check_out=2026-08-13,,"About this space
No. 4 Bliss – Your Stylish Escape

A cozy, peaceful, and clean retreat perfect for solo travelers or couples. Enjoy a stylish space with a lovely private garden, fully equipped kitche",airbnb_data\Share_Save_1455842450766017027
1676052390684407532,Aloe 1‑Bed + Sofa Bed • Solar • Borehole • Wi-Fi,Bulawayo,"Share
Save",-20.19424,28.64188,https://www.airbnb.com/rooms/1676052390684407532,https://www.airbnb.com/rooms/1676052390684407532?adults=1&guests=1&check_in=2026-08-11&check_out=2026-08-13,,,,,,Dumoluhle,True,https://www.airbnb.com/contact_host/1676052390684407532/send_message?adults=1&check_in=2026-08-11&check_out=2026-08-13,,,airbnb_data\Share_Save_1676052390684407532
1701533457485082976,Palmview luveve,Bulawayo,"Share
Save",-20.1291,28.5352,https://www.airbnb.com/rooms/1701533457485082976,https://www.airbnb.com/rooms/1701533457485082976?adults=1&guests=1&check_in=2026-08-11&check_out=2026-08-13,,,,,,Namo,False,https://www.airbnb.com/contact_host/1701533457485082976/send_message?adults=1&check_in=2026-08-11&check_out=2026-08-13,,,airbnb_data\Share_Save_1701533457485082976
1696930840348447795,Christ centred guesthouse,Bulawayo,"Share
Save",-20.1503,28.6068,https://www.airbnb.com/rooms/1696930840348447795,https://www.airbnb.com/rooms/1696930840348447795?adults=1&guests=1&check_in=2026-08-11&check_out=2026-08-13,$58,58.0,USD,,,,False,,,,airbnb_data\Share_Save_1696930840348447795
42908700,ROUND THE CORNER GUEST HOUSE,Bulawayo,"Share
Save",-20.19687,28.59073,https://www.airbnb.com/rooms/42908700,https://www.airbnb.com/rooms/42908700?adults=1&guests=1&check_in=2026-08-11&check_out=2026-08-13,$95,95.0,USD,,,Marilyn,False,https://www.airbnb.com/contact_host/42908700/send_message?adults=1&check_in=2026-08-11&check_out=2026-08-13,,,airbnb_data\Share_Save_42908700
1466852724117719668,The Urban Delight,Bulawayo,"Share
Save",-20.158,28.5889,https://www.airbnb.com/rooms/1466852724117719668,https://www.airbnb.com/rooms/1466852724117719668?adults=1&guests=1&check_in=2026-08-11&check_out=2026-08-13,$130,130.0,USD,,,Tariro,True,,,"About this space
Enjoy a cozy experience at this centrally-located place with spacious rooms for a comfortable stay. It’s ideal for Solo travelers or a couple

This Apartment is conveniently located i",airbnb_data\Share_Save_1466852724117719668
1725174759544545041,Stay tuned,Bulawayo,,,,https://www.airbnb.com/rooms/1725174759544545041,https://www.airbnb.com/rooms/1725174759544545041?adults=1&guests=1&check_in=2026-08-11&check_out=2026-08-13,,,,,,,False,,,,airbnb_data\Stay_tuned_1725174759544545041
53910939,"3 bedroom Home with kitchen, lounge and ensuite",Bulawayo,"Share
Save",-20.21355,28.58527,https://www.airbnb.com/rooms/53910939,https://www.airbnb.com/rooms/53910939?adults=1&guests=1&check_in=2026-08-11&check_out=2026-08-13,$175,175.0,USD,,,Promise,True,https://www.airbnb.com/contact_host/53910939/send_message?adults=1&check_in=2026-08-11&check_out=2026-08-13,,"About this space
Located in Fourwinds, a quiet low density suburb in the outskirts of Bulawayo.4km from the CBD
Full kitchen with stove (Gas & Ele ,microwave oven ,refrigerator & cutlery...etc ,for yo",airbnb_data\Share_Save_53910939
1546227965260875856,Amoraziz Guest house 2,Bulawayo,"Share
Save",-20.18694,28.64059,https://www.airbnb.com/rooms/1546227965260875856,https://www.airbnb.com/rooms/1546227965260875856?adults=1&guests=1&check_in=2026-08-11&check_out=2026-08-13,,,,,,Sharon,False,https://www.airbnb.com/contact_host/1546227965260875856/send_message?adults=1&check_in=2026-08-11&check_out=2026-08-13,,"About this space
Stay comfortably with 2 bedrooms with ensuites inside the house and access to all other common spaces get to also enjoy the outside beautiful views the big swimming pool and relax wit",airbnb_data\Share_Save_1546227965260875856
1653193421766236165,St Ives Court,Bulawayo,"Share
Save",-20.1641,28.5869,https://www.airbnb.com/rooms/1653193421766236165,https://www.airbnb.com/rooms/1653193421766236165?adults=1&guests=1&check_in=2026-08-11&check_out=2026-08-13,$120,120.0,USD,,,Fadzai,False,https://www.airbnb.com/contact_host/1653193421766236165/send_message?adults=1&check_in=2026-08-11&check_out=2026-08-13,,"About this space
This modern, sylish & contemporary flat has:
-2 comfortable bedrooms with 2 king size beds with quality linen
-Modern lounge / Dining room
-Fully equipped kitchen, inc washing machine",airbnb_data\Share_Save_1653193421766236165
1597154332982819265,Canvas loft 2,Bulawayo,"Share
Save",-20.172,28.5867,https://www.airbnb.com/rooms/1597154332982819265,https://www.airbnb.com/rooms/1597154332982819265?adults=1&guests=1&check_in=2026-08-11&check_out=2026-08-13,$141,141.0,USD,,,Mandy,True,,,,airbnb_data\Share_Save_1597154332982819265
877239467367982409,La' Villa C~Bue,Bulawayo,"Share
Save",-20.21717,28.56682,https://www.airbnb.com/rooms/877239467367982409,https://www.airbnb.com/rooms/877239467367982409?adults=1&guests=1&check_in=2026-08-11&check_out=2026-08-13,,,,,,Sinokubekezela P,True,,,,airbnb_data\Share_Save_877239467367982409
1104445975550267122,Lillie’s Guest Cottage,Bulawayo,"Share
Save",-20.1473,28.6309,https://www.airbnb.com/rooms/1104445975550267122,https://www.airbnb.com/rooms/1104445975550267122?adults=1&guests=1&check_in=2026-08-11&check_out=2026-08-13,,,,,,Hlengie,True,,,,airbnb_data\Share_Save_1104445975550267122
1150661778330680273,Serene Apartment @ Arlington with power backup,Bulawayo,"Share
Save",-20.1601,28.6092,https://www.airbnb.com/rooms/1150661778330680273,https://www.airbnb.com/rooms/1150661778330680273?adults=1&guests=1&check_in=2026-08-11&check_out=2026-08-13,,,,,,Moipone,False,https://www.airbnb.com/contact_host/1150661778330680273/send_message?adults=1&check_in=2026-08-11&check_out=2026-08-13,,"About this space
Serene, spacious apartment for 2, ideal for business travelers/ solo guests or couples who want comfort, privacy, and a quiet neighborhood.
Prime location: steps from Ascot Shopping C",airbnb_data\Share_Save_1150661778330680273
53204801,Bongi's Comfortable Flat,Bulawayo,"Share
Save",-20.1586,28.5888,https://www.airbnb.com/rooms/53204801,https://www.airbnb.com/rooms/53204801?adults=1&guests=1&check_in=2026-08-11&check_out=2026-08-13,,,,,,Bongiwe,False,,,,airbnb_data\Share_Save_53204801
876679941765948214,The Pecan luxury villa,Bulawayo,"Share
Save",-20.18014,28.62824,https://www.airbnb.com/rooms/876679941765948214,https://www.airbnb.com/rooms/876679941765948214?adults=1&guests=1&check_in=2026-08-11&check_out=2026-08-13,,,,,,Yvonne,False,,,"About this space
Welcome to our stunning luxury Airbnb house, where every detail has been carefully considered to ensure your stay is an unforgettable experience.

The open-plan living area features p",airbnb_data\Share_Save_876679941765948214
1711007190540576647,The Old Fig Tree House|Ambience|Character| Privacy,Bulawayo,"Share
Save",-20.2028,28.6074,https://www.airbnb.com/rooms/1711007190540576647,https://www.airbnb.com/rooms/1711007190540576647?adults=1&guests=1&check_in=2026-08-11&check_out=2026-08-13,,,,,,Patience,True,,,,airbnb_data\Share_Save_1711007190540576647
47205635,The Best Cottage,Bulawayo,"Share
Save",-20.16785,28.60457,https://www.airbnb.com/rooms/47205635,https://www.airbnb.com/rooms/47205635?adults=1&guests=1&check_in=2026-08-11&check_out=2026-08-13,September 2026,,,,,Adam,True,,,"Rated 4.64 out of 5 stars.
4.64
How reviews work
How reviews work
5 of 7 items showing
Overall rating
5 stars, 71% of reviews
5
4 stars, 21% of reviews
4
3 stars, 7% of reviews
3
2 stars, 0% of review",airbnb_data\Share_Save_47205635
548941524194285405,Room 5 Cheerful 1 bed home with lots of Extras,Bulawayo,"Share
Save",-20.2146,28.5849,https://www.airbnb.com/rooms/548941524194285405,https://www.airbnb.com/rooms/548941524194285405?adults=1&guests=1&check_in=2026-08-11&check_out=2026-08-13,$87,87.0,USD,,,Promise,True,,,,airbnb_data\Share_Save_548941524194285405
601279062249043825,3Bed/3Bath Family Cottage in Safe Bulawayo Suburb,Bulawayo,"Share
Save",-20.17939,28.59775,https://www.airbnb.com/rooms/601279062249043825,https://www.airbnb.com/rooms/601279062249043825?adults=1&guests=1&check_in=2026-08-11&check_out=2026-08-13,,,,,,Alice,True,,,,airbnb_data\Share_Save_601279062249043825
1579596960522765027,Stay tuned,Bulawayo,,,,https://www.airbnb.com/rooms/1579596960522765027,https://www.airbnb.com/rooms/1579596960522765027?adults=1&guests=1&check_in=2026-08-11&check_out=2026-08-13,,,,,,,False,,,,airbnb_data\Stay_tuned_1579596960522765027
1684854577389207186,Stay tuned,Bulawayo,,,,https://www.airbnb.com/rooms/1684854577389207186,https://www.airbnb.com/rooms/1684854577389207186?adults=1&guests=1&check_in=2026-08-11&check_out=2026-08-13,,,,,,,False,,,,airbnb_data\Stay_tuned_1684854577389207186
1713010066296922199,Cozy home with a relaxing stay and a great view.,Bulawayo,"Share
Save",-20.122,28.5169,https://www.airbnb.com/rooms/1713010066296922199,https://www.airbnb.com/rooms/1713010066296922199?adults=1&guests=1&check_in=2026-08-11&check_out=2026-08-13,September 2026,,,,,Namo,False,https://www.airbnb.com/contact_host/1713010066296922199/send_message?adults=1&check_in=2026-08-11&check_out=2026-08-13,,,airbnb_data\Share_Save_1713010066296922199
602828484863576421,The Cosy Cottage,Bulawayo,"Share
Save",-20.2019,28.6107,https://www.airbnb.com/rooms/602828484863576421,https://www.airbnb.com/rooms/602828484863576421?adults=1&guests=1&check_in=2026-08-11&check_out=2026-08-13,,,,,,Gail,False,https://www.airbnb.com/contact_host/602828484863576421/send_message?adults=1&check_in=2026-08-11&check_out=2026-08-13,,"About this space
Kick back and relax in this calm, stylish space. With tranquil surroundings this Cosy modern cottage has all you need for a comfortable stay fully equipped kitchen and bar Dstv WiFi a",airbnb_data\Share_Save_602828484863576421
43535365,Neasden Stay,Bulawayo,"Share
Save",-20.17464,28.5934,https://www.airbnb.com/rooms/43535365,https://www.airbnb.com/rooms/43535365?adults=1&guests=1&check_in=2026-08-11&check_out=2026-08-13,,,,,,Mufaro,True,https://www.airbnb.com/contact_host/43535365/send_message?adults=1&check_in=2026-08-11&check_out=2026-08-13,,"About this space
This is a spacious 3 bedroomed apartment with morden finishings.The apartment boasts of a fully equipped kitchen,complete with washing machine/dryer.There is secure parking for 2 cars",airbnb_data\Share_Save_43535365
1491107443146485314,The Oassis is a home away from home,Bulawayo,"Share
Save",-20.1133,28.6046,https://www.airbnb.com/rooms/1491107443146485314,https://www.airbnb.com/rooms/1491107443146485314?adults=1&guests=1&check_in=2026-08-11&check_out=2026-08-13,Add a night for $57,57.0,USD,,,Jacob,False,https://www.airbnb.com/contact_host/1491107443146485314/send_message?adults=1&check_in=2026-08-11&check_out=2026-08-13,,,airbnb_data\Share_Save_1491107443146485314
1586033261645577110,The boarding Nest,Bulawayo,"Share
Save",-20.1617,28.6022,https://www.airbnb.com/rooms/1586033261645577110,https://www.airbnb.com/rooms/1586033261645577110?adults=1&guests=1&check_in=2026-08-11&check_out=2026-08-13,$70,70.0,USD,,,Emily,True,,,,airbnb_data\Share_Save_1586033261645577110
1490586977568974779,Where the heart is!,Bulawayo,"Share
Save",-20.1925,28.5719,https://www.airbnb.com/rooms/1490586977568974779,https://www.airbnb.com/rooms/1490586977568974779?adults=1&guests=1&check_in=2026-08-11&check_out=2026-08-13,$140,140.0,USD,,,Sithabile,False,,,,airbnb_data\Share_Save_1490586977568974779
1618025609801737165,"Peace Guesthouse, Burnside",Bulawayo,"Share
Save",-20.208,28.618,https://www.airbnb.com/rooms/1618025609801737165,https://www.airbnb.com/rooms/1618025609801737165?adults=1&guests=1&check_in=2026-08-11&check_out=2026-08-13,September 2026,,,,,Francisca,False,https://www.airbnb.com/contact_host/1618025609801737165/send_message?adults=1&check_in=2026-08-11&check_out=2026-08-13,,"About this space
A cosy cottage nestled in a cul-de-sac in the leafy, quiet, and upmarket area of Burnside. Enjoy close proximity to top restaurants, beautiful vistas, abundant birdlife, and scenic vi",airbnb_data\Share_Save_1618025609801737165
879430024018255535,The Pecan Villa,Bulawayo,"Share
Save",-20.155,28.5922,https://www.airbnb.com/rooms/879430024018255535,https://www.airbnb.com/rooms/879430024018255535?adults=1&guests=1&check_in=2026-08-11&check_out=2026-08-13,,,,,,Yvonne,False,,,,airbnb_data\Share_Save_879430024018255535
1732472175850628197,Family Home in Matsheumhlophe,Bulawayo,"Share
Save",-20.2249,28.6344,https://www.airbnb.com/rooms/1732472175850628197,https://www.airbnb.com/rooms/1732472175850628197?adults=1&guests=1&check_in=2026-08-11&check_out=2026-08-13,,,,,,Nobuhle,False,,,,airbnb_data\Share_Save_1732472175850628197
1676793191599275882,Quiet value stay,Bulawayo,"Share
Save",-20.1267,28.6393,https://www.airbnb.com/rooms/1676793191599275882,https://www.airbnb.com/rooms/1676793191599275882?adults=1&guests=1&check_in=2026-08-11&check_out=2026-08-13,September 2026,,,,,,False,https://www.airbnb.com/contact_host/1676793191599275882/send_message?adults=1&check_in=2026-08-11&check_out=2026-08-13,,,airbnb_data\Share_Save_1676793191599275882
1520426885746405963,The Nook Apartment In Bulawayo CBD opposite ZITF,Bulawayo,"Share
Save",-20.16583964073713,28.584593482194812,https://www.airbnb.com/rooms/1520426885746405963,https://www.airbnb.com/rooms/1520426885746405963?adults=1&guests=1&check_in=2026-08-11&check_out=2026-08-13,$172,172.0,USD,,,Dumoluhle,False,https://www.airbnb.com/contact_host/1520426885746405963/send_message?adults=1&check_in=2026-08-11&check_out=2026-08-13,This host is offering a discount,"This host is offering a discount
This host is offering a discount
This host is offering a discount
This host is offering a discount
This host is offering a discount
This host is offering a discount
Th",airbnb_data\Share_Save_1520426885746405963
1395556763030539364,,Bulawayo,"Share
Save",-20.1259,28.6399,https://www.airbnb.com/rooms/1395556763030539364,https://www.airbnb.com/rooms/1395556763030539364?adults=1&guests=1&check_in=2026-08-11&check_out=2026-08-13,$207,207.0,USD,,,Doreen,False,https://www.airbnb.com/contact_host/1395556763030539364/send_message?adults=1&check_in=2026-08-11&check_out=2026-08-13,,,airbnb_data\Share_Save_1395556763030539364
1137592935496084591,Dhliks' resort,Bulawayo,"Share
Save",-20.1376,28.6478,https://www.airbnb.com/rooms/1137592935496084591,https://www.airbnb.com/rooms/1137592935496084591?adults=1&guests=1&check_in=2026-08-11&check_out=2026-08-13,,,,,,,False,,,,airbnb_data\Share_Save_1137592935496084591
870925918021422239,The Olympus Zim,Bulawayo,"Share
Save",-20.2043,28.6425,https://www.airbnb.com/rooms/870925918021422239,https://www.airbnb.com/rooms/870925918021422239?adults=1&guests=1&check_in=2026-08-11&check_out=2026-08-13,,,,,,Stella,False,,,,airbnb_data\Share_Save_870925918021422239
1094085761746470046,Stay tuned,Bulawayo,,,,https://www.airbnb.com/rooms/1094085761746470046,https://www.airbnb.com/rooms/1094085761746470046?adults=1&guests=1&check_in=2026-08-11&check_out=2026-08-13,,,,,,,False,,,,airbnb_data\Stay_tuned_1094085761746470046
891808834890649577,Cottage 3,Bulawayo,"Share
Save",-20.205,28.5664,https://www.airbnb.com/rooms/891808834890649577,https://www.airbnb.com/rooms/891808834890649577?adults=1&guests=1&check_in=2026-08-11&check_out=2026-08-13,September 2026,,,,,Evangelista,False,https://www.airbnb.com/contact_host/891808834890649577/send_message?adults=1&check_in=2026-08-11&check_out=2026-08-13,,"About this space
Our newly refurbished, elegant Deluxe rooms with a super king size bed combined chic with contemporary comfort. Soothing, stylish décor is marked

Sleeps two adults

Check In: 14:00 h",airbnb_data\Share_Save_891808834890649577
18303172,Quail cottage,Bulawayo,"Share
Save",-20.22198,28.6084,https://www.airbnb.com/rooms/18303172,https://www.airbnb.com/rooms/18303172?adults=1&guests=1&check_in=2026-08-11&check_out=2026-08-13,$126,126.0,USD,,,Samantha,True,https://www.airbnb.com/contact_host/18303172/send_message?adults=1&check_in=2026-08-11&check_out=2026-08-13,,,airbnb_data\Share_Save_18303172
1578964210986150392,Mizu Bnb 2 (Room2),Bulawayo,"Share
Save",-20.1443,28.5825,https://www.airbnb.com/rooms/1578964210986150392,https://www.airbnb.com/rooms/1578964210986150392?adults=1&guests=1&check_in=2026-08-11&check_out=2026-08-13,$59,59.0,USD,,,Tamlyn,False,,,,airbnb_data\Share_Save_1578964210986150392
1691250330258296195,The Haven on 19,Bulawayo,"Share
Save",-20.175584468455035,28.584662161538052,https://www.airbnb.com/rooms/1691250330258296195,https://www.airbnb.com/rooms/1691250330258296195?adults=1&guests=1&check_in=2026-08-11&check_out=2026-08-13,,,,,,Miss Zee,False,,,,airbnb_data\Share_Save_1691250330258296195
1544257667974244318,Samba ApartmentsZW,Bulawayo,"Share
Save",-20.1639,28.5847,https://www.airbnb.com/rooms/1544257667974244318,https://www.airbnb.com/rooms/1544257667974244318?adults=1&guests=1&check_in=2026-08-11&check_out=2026-08-13,$152,152.0,USD,,,Tatenda,True,https://www.airbnb.com/contact_host/1544257667974244318/send_message?adults=1&check_in=2026-08-11&check_out=2026-08-13,,,airbnb_data\Share_Save_1544257667974244318
1390583541250937607,BB at 69,Bulawayo,"Share
Save",-20.2055,28.5723,https://www.airbnb.com/rooms/1390583541250937607,https://www.airbnb.com/rooms/1390583541250937607?adults=1&guests=1&check_in=2026-08-11&check_out=2026-08-13,$81,81.0,USD,,,Tatenda,False,https://www.airbnb.com/contact_host/1390583541250937607/send_message?adults=1&check_in=2026-08-11&check_out=2026-08-13,,,airbnb_data\Share_Save_1390583541250937607
1615560658798911524,Home in Bulawayo,Bulawayo,"Share
Save",-20.20482573721115,28.58167184210354,https://www.airbnb.com/rooms/1615560658798911524,https://www.airbnb.com/rooms/1615560658798911524?adults=1&guests=1&check_in=2026-08-11&check_out=2026-08-13,,,,,,Otis,False,https://www.airbnb.com/contact_host/1615560658798911524/send_message?adults=1&check_in=2026-08-11&check_out=2026-08-13,,"About this space
Experience space, comfort, and convenience in this beautifully maintained 4 bedroom home, ideally located in the quiet suburb of Hillside, Bulawayo. Just 10 minutes from the city cent",airbnb_data\Share_Save_1615560658798911524
1562188870566653562,The Hidden Germ,Bulawayo,"Share
Save",-20.1726,28.5434,https://www.airbnb.com/rooms/1562188870566653562,https://www.airbnb.com/rooms/1562188870566653562?adults=1&guests=1&check_in=2026-08-11&check_out=2026-08-13,$91,91.0,USD,,,Ricky,False,https://www.airbnb.com/contact_host/1562188870566653562/send_message?adults=1&check_in=2026-08-11&check_out=2026-08-13,,,airbnb_data\Share_Save_1562188870566653562
1596565220543585509,Ainsley's Cozy Apartment,Bulawayo,"Share
Save",-20.134,28.5947,https://www.airbnb.com/rooms/1596565220543585509,https://www.airbnb.com/rooms/1596565220543585509?adults=1&guests=1&check_in=2026-08-11&check_out=2026-08-13,$115,115.0,USD,,,Hank Ainsley,False,https://www.airbnb.com/contact_host/1596565220543585509/send_message?adults=1&check_in=2026-08-11&check_out=2026-08-13,,,airbnb_data\Share_Save_1596565220543585509
1285406943173290371,Stay tuned,Bulawayo,,,,https://www.airbnb.com/rooms/1285406943173290371,https://www.airbnb.com/rooms/1285406943173290371?adults=1&guests=1&check_in=2026-08-11&check_out=2026-08-13,,,,,,,False,,,,airbnb_data\Stay_tuned_1285406943173290371
1686704152315063481,Amoraziz Cottage 1bed,Bulawayo,"Share
Save",-20.186766660258364,28.642468536294324,https://www.airbnb.com/rooms/1686704152315063481,https://www.airbnb.com/rooms/1686704152315063481?adults=1&guests=1&check_in=2026-08-11&check_out=2026-08-13,$82,82.0,USD,,,Sharon,False,https://www.airbnb.com/contact_host/1686704152315063481/send_message?adults=1&check_in=2026-08-11&check_out=2026-08-13,,,airbnb_data\Share_Save_1686704152315063481
52370692,Urban Farm Cottage 1,Bulawayo,"Share
Save",-20.09432,28.62125,https://www.airbnb.com/rooms/52370692,https://www.airbnb.com/rooms/52370692?adults=1&guests=1&check_in=2026-08-11&check_out=2026-08-13,$88,88.0,USD,,,Calvin Eugene,False,https://www.airbnb.com/contact_host/52370692/send_message?adults=1&check_in=2026-08-11&check_out=2026-08-13,,,airbnb_data\Share_Save_52370692
1700227322218648996,The Golden Palace,Bulawayo,"Share
Save",-20.119,28.6314,https://www.airbnb.com/rooms/1700227322218648996,https://www.airbnb.com/rooms/1700227322218648996?adults=1&guests=1&check_in=2026-08-11&check_out=2026-08-13,$76,76.0,USD,,,Jilson,False,https://www.airbnb.com/contact_host/1700227322218648996/send_message?adults=1&check_in=2026-08-11&check_out=2026-08-13,,,airbnb_data\Share_Save_1700227322218648996
617247311468688812,Mafiris Studio Adorable bedsitter in Bulawayo,Bulawayo,"Share
Save",-20.14671,28.61717,https://www.airbnb.com/rooms/617247311468688812,https://www.airbnb.com/rooms/617247311468688812?adults=1&guests=1&check_in=2026-08-11&check_out=2026-08-13,,,,,,Yvonne,True,https://www.airbnb.com/contact_host/617247311468688812/send_message?adults=1&check_in=2026-08-11&check_out=2026-08-13,,"About this space
This unique place has a style of its own.
Enjoy your stay in this compact studio apartment designed for sleeping, eating & dining.

The kitchenette is fully equipped with a gas hob, m",airbnb_data\Share_Save_617247311468688812
1498408472755871631,The Palm House Bulawayo,Bulawayo,"Share
Save",-20.178,28.6235,https://www.airbnb.com/rooms/1498408472755871631,https://www.airbnb.com/rooms/1498408472755871631?adults=1&guests=1&check_in=2026-08-11&check_out=2026-08-13,,,,,,Bella,True,https://www.airbnb.com/contact_host/1498408472755871631/send_message?adults=1&check_in=2026-08-11&check_out=2026-08-13,,,airbnb_data\Share_Save_1498408472755871631
40846730,"Nature’s best, enjoy country style air in a city!d",Bulawayo,"Share
Save",-20.14275,28.61904,https://www.airbnb.com/rooms/40846730,https://www.airbnb.com/rooms/40846730?adults=1&guests=1&check_in=2026-08-11&check_out=2026-08-13,$44,44.0,USD,,,,False,https://www.airbnb.com/contact_host/40846730/send_message?adults=1&check_in=2026-08-11&check_out=2026-08-13,,,airbnb_data\Share_Save_40846730
1080764567243541928,Bulawayo Haven,Bulawayo,"Share
Save",-20.2254,28.6424,https://www.airbnb.com/rooms/1080764567243541928,https://www.airbnb.com/rooms/1080764567243541928?adults=1&guests=1&check_in=2026-08-11&check_out=2026-08-13,September 2026,,,,,Takudzwa,True,https://www.airbnb.com/contact_host/1080764567243541928/send_message?adults=1&check_in=2026-08-11&check_out=2026-08-13,,"Rated 4.85 out of 5 from 67 reviews.
4.85
Guest favorite
This home is a guest favorite based on ratings, reviews, and reliability
How reviews work
How reviews work
5 of 7 items showing
Overall rating
",airbnb_data\Share_Save_1080764567243541928
1683486362146091908,"SimPhil Haven | Relax, Recharge, Repeat!",Bulawayo,"Share
Save",-20.12938648555547,28.608170730433404,https://www.airbnb.com/rooms/1683486362146091908,https://www.airbnb.com/rooms/1683486362146091908?adults=1&guests=1&check_in=2026-08-11&check_out=2026-08-13,,,,,,Phillis,False,https://www.airbnb.com/contact_host/1683486362146091908/send_message?adults=1&check_in=2026-08-11&check_out=2026-08-13,,,airbnb_data\Share_Save_1683486362146091908
1247949133732602440,The CrocPlace,Bulawayo,"Share
Save",-20.2052,28.567,https://www.airbnb.com/rooms/1247949133732602440,https://www.airbnb.com/rooms/1247949133732602440?adults=1&guests=1&check_in=2026-08-11&check_out=2026-08-13,Decor 2,,,,,Mufaro,True,https://www.airbnb.com/contact_host/1247949133732602440/send_message?adults=1&check_in=2026-08-11&check_out=2026-08-13,,,airbnb_data\Share_Save_1247949133732602440
1328845785060656640,Mizubnb Room 3,Bulawayo,"Share
Save",-20.1445,28.5841,https://www.airbnb.com/rooms/1328845785060656640,https://www.airbnb.com/rooms/1328845785060656640?adults=1&guests=1&check_in=2026-08-11&check_out=2026-08-13,$72,72.0,USD,,,Henry,False,https://www.airbnb.com/contact_host/1328845785060656640/send_message?adults=1&check_in=2026-08-11&check_out=2026-08-13,,,airbnb_data\Share_Save_1328845785060656640
1417501128629429918,Lions gate,Bulawayo,"Share
Save",-20.1778,28.6455,https://www.airbnb.com/rooms/1417501128629429918,https://www.airbnb.com/rooms/1417501128629429918?adults=1&guests=1&check_in=2026-08-11&check_out=2026-08-13,$270,270.0,USD,,,Mike,False,https://www.airbnb.com/contact_host/1417501128629429918/send_message?adults=1&check_in=2026-08-11&check_out=2026-08-13,,,airbnb_data\Share_Save_1417501128629429918
638247430730009887,Parklands BnB,Bulawayo,"Share
Save",-20.1462,28.6238,https://www.airbnb.com/rooms/638247430730009887,https://www.airbnb.com/rooms/638247430730009887?adults=1&guests=1&check_in=2026-08-11&check_out=2026-08-13,,,,,,Gibson,True,https://www.airbnb.com/contact_host/638247430730009887/send_message?adults=1&check_in=2026-08-11&check_out=2026-08-13,,,airbnb_data\Share_Save_638247430730009887
1170834277197992105,The Mulberry Place Guesthouse,Bulawayo,"Share
Save",-20.1362,28.6506,https://www.airbnb.com/rooms/1170834277197992105,https://www.airbnb.com/rooms/1170834277197992105?adults=1&guests=1&check_in=2026-08-11&check_out=2026-08-13,September 2026,,,,,Susan,False,https://www.airbnb.com/contact_host/1170834277197992105/send_message?adults=1&check_in=2026-08-11&check_out=2026-08-13,,"About this space
Travelling to Bulawayo, experience the perfect blend of style and tranquility at The Mulberry Place self contained Guesthouse. Equipped with a double bed. Ideal for business travelers",airbnb_data\Share_Save_1170834277197992105
993366961192412919,Jacaranda Guest House,Bulawayo,"Share
Save",-20.18894,28.58897,https://www.airbnb.com/rooms/993366961192412919,https://www.airbnb.com/rooms/993366961192412919?adults=1&guests=1&check_in=2026-08-11&check_out=2026-08-13,$206,206.0,USD,,,Cher,False,,,,airbnb_data\Share_Save_993366961192412919
1662548712349206519,Jacaranda 1 bed• solar• Borehole• Fast WiFi •Gated,Bulawayo,"Share
Save",-20.19227,28.6455,https://www.airbnb.com/rooms/1662548712349206519,https://www.airbnb.com/rooms/1662548712349206519?adults=1&guests=1&check_in=2026-08-11&check_out=2026-08-13,,,,,,Dumoluhle,True,https://www.airbnb.com/contact_host/1662548712349206519/send_message?adults=1&check_in=2026-08-11&check_out=2026-08-13,,"About this space
A stylish and spacious 1-bed cottage offering comfort, security, and complete reliability. Enjoy solar power, borehole water, fast Wi-Fi, and a modern kitchen with gas and electric co",airbnb_data\Share_Save_1662548712349206519
1026271272755488800,La'Villa C~Bue Tiny home,Bulawayo,"Share
Save",-20.21789,28.56514,https://www.airbnb.com/rooms/1026271272755488800,https://www.airbnb.com/rooms/1026271272755488800?adults=1&guests=1&check_in=2026-08-11&check_out=2026-08-13,,,,,,Sinokubekezela P,True,,,,airbnb_data\Share_Save_1026271272755488800
929717039674059115,Stay tuned,Bulawayo,,,,https://www.airbnb.com/rooms/929717039674059115,https://www.airbnb.com/rooms/929717039674059115?adults=1&guests=1&check_in=2026-08-11&check_out=2026-08-13,,,,,,,False,,,,airbnb_data\Stay_tuned_929717039674059115
1417524091829296614,Lions Gate,Bulawayo,"Share
Save",-20.17808,28.64603,https://www.airbnb.com/rooms/1417524091829296614,https://www.airbnb.com/rooms/1417524091829296614?adults=1&guests=1&check_in=2026-08-11&check_out=2026-08-13,$179,179.0,USD,,,Mike,False,,,,airbnb_data\Share_Save_1417524091829296614
7371949,Tranquil getaway in private guesthouse,Bulawayo,"Share
Save",-20.2187,28.58715,https://www.airbnb.com/rooms/7371949,https://www.airbnb.com/rooms/7371949?adults=1&guests=1&check_in=2026-08-11&check_out=2026-08-13,,,,,,Janelle,True,https://www.airbnb.com/contact_host/7371949/send_message?adults=1&check_in=2026-08-11&check_out=2026-08-13,,,airbnb_data\Share_Save_7371949
766322463684962125,Crocodile Rock - Double Ensuite Room,Bulawayo,"Share
Save",-20.1935,28.5953,https://www.airbnb.com/rooms/766322463684962125,https://www.airbnb.com/rooms/766322463684962125?adults=1&guests=1&check_in=2026-08-11&check_out=2026-08-13,,,,,,Judith,False,https://www.airbnb.com/contact_host/766322463684962125/send_message?adults=1&check_in=2026-08-11&check_out=2026-08-13,,"Rated 4.33 out of 5 stars.
4.33
How reviews work
How reviews work
5 of 7 items showing
Overall rating
5 stars, 33% of reviews
5
4 stars, 67% of reviews
4
3 stars, 0% of reviews
3
2 stars, 0% of review",airbnb_data\Share_Save_766322463684962125
27604020,Stay tuned,Bulawayo,,,,https://www.airbnb.com/rooms/27604020,https://www.airbnb.com/rooms/27604020?adults=1&guests=1&check_in=2026-08-11&check_out=2026-08-13,,,,,,,False,,,,airbnb_data\Stay_tuned_27604020
1613810235789107149,Stylish Solar Powered Home near Khami Ruins,Bulawayo,"Share
Save",-20.161122840208687,28.478741895519203,https://www.airbnb.com/rooms/1613810235789107149,https://www.airbnb.com/rooms/1613810235789107149?adults=1&guests=1&check_in=2026-08-11&check_out=2026-08-13,,,,,,Innocent,False,,,,airbnb_data\Share_Save_1613810235789107149
51395093,PLACE ON OAK 1,Bulawayo,"Share
Save",-20.16376,28.59265,https://www.airbnb.com/rooms/51395093,https://www.airbnb.com/rooms/51395093?adults=1&guests=1&check_in=2026-08-11&check_out=2026-08-13,September 2026,,,,,Mandy,True,https://www.airbnb.com/contact_host/51395093/send_message?adults=1&check_in=2026-08-11&check_out=2026-08-13,,"Rated 4.82 out of 5 stars.
4.82
How reviews work
How reviews work
5 of 7 items showing
Overall rating
5 stars, 85% of reviews
5
4 stars, 13% of reviews
4
3 stars, 3% of reviews
3
2 stars, 0% of review",airbnb_data\Share_Save_51395093
1634173599098056567,Serene Mqabuko retreat /pool & a beautiful garden,Bulawayo,"Share
Save",-20.2077340497427,28.634646700339108,https://www.airbnb.com/rooms/1634173599098056567,https://www.airbnb.com/rooms/1634173599098056567?adults=1&guests=1&check_in=2026-08-11&check_out=2026-08-13,,,,,,Sithembiso,False,,,,airbnb_data\Share_Save_1634173599098056567
1410709336377448993,Hosted by Muta,Bulawayo,"Share
Save",-20.1301,28.6062,https://www.airbnb.com/rooms/1410709336377448993,https://www.airbnb.com/rooms/1410709336377448993?adults=1&guests=1&check_in=2026-08-11&check_out=2026-08-13,,,,,,Muta,False,,,,airbnb_data\Share_Save_1410709336377448993
1579639458316030087,Stay tuned,Bulawayo,,,,https://www.airbnb.com/rooms/1579639458316030087,https://www.airbnb.com/rooms/1579639458316030087?adults=1&guests=1&check_in=2026-08-11&check_out=2026-08-13,,,,,,,False,,,,airbnb_data\Stay_tuned_1579639458316030087
1204216671202030617,BnB accommodation in Northend,Bulawayo,"Share
Save",-20.13133,28.58862,https://www.airbnb.com/rooms/1204216671202030617,https://www.airbnb.com/rooms/1204216671202030617?adults=1&guests=1&check_in=2026-08-11&check_out=2026-08-13,September 2026,,,,,Warmedhearts,False,https://www.airbnb.com/contact_host/1204216671202030617/send_message?adults=1&check_in=2026-08-11&check_out=2026-08-13,,"Rated 4.33 out of 5 stars.
4.33
This home is in the bottom 10% of eligible listings based on ratings, reviews, and reliability
How reviews work
How reviews work
5 of 7 items showing
Overall rating
5 s",airbnb_data\Share_Save_1204216671202030617
1444800639674263221,Selborne park-Nust Uni,Bulawayo,"Share
Save",-20.172262440408833,28.63315794622129,https://www.airbnb.com/rooms/1444800639674263221,https://www.airbnb.com/rooms/1444800639674263221?adults=1&guests=1&check_in=2026-08-11&check_out=2026-08-13,,,,,,Mdu,False,https://www.airbnb.com/contact_host/1444800639674263221/send_message?adults=1&check_in=2026-08-11&check_out=2026-08-13,,"Rated 4.68 out of 5 stars.
4.68
How reviews work
How reviews work
5 of 7 items showing
Overall rating
5 stars, 74% of reviews
5
4 stars, 21% of reviews
4
3 stars, 5% of reviews
3
2 stars, 0% of review",airbnb_data\Share_Save_1444800639674263221
1669249006641148803,Ruemat 4 bedrooms Cozy Place Hillcrest Bulawayo,Bulawayo,"Share
Save",-20.1927,28.5939,https://www.airbnb.com/rooms/1669249006641148803,https://www.airbnb.com/rooms/1669249006641148803?adults=1&guests=1&check_in=2026-08-11&check_out=2026-08-13,$230,230.0,USD,,,Mathew,False,,,,airbnb_data\Share_Save_1669249006641148803
22032766,Ursula's Rose Garden #2,Bulawayo,"Share
Save",-20.194,28.59161,https://www.airbnb.com/rooms/22032766,https://www.airbnb.com/rooms/22032766?adults=1&guests=1&check_in=2026-08-11&check_out=2026-08-13,$87,87.0,USD,,,Ursula,True,https://www.airbnb.com/contact_host/22032766/send_message?adults=1&check_in=2026-08-11&check_out=2026-08-13,,,airbnb_data\Share_Save_22032766
761238992595915495,"Very spacious 4-bedroom home, executive features",Bulawayo,"Share
Save",-20.14585,28.62376,https://www.airbnb.com/rooms/761238992595915495,https://www.airbnb.com/rooms/761238992595915495?adults=1&guests=1&check_in=2026-08-11&check_out=2026-08-13,,,,,,Joseph,False,,,,airbnb_data\Share_Save_761238992595915495
1462779104714771234,The Solar Sanctuary Mahatshula North 4 beds house,Bulawayo,"Share
Save",-20.107967414817157,28.636795609273513,https://www.airbnb.com/rooms/1462779104714771234,https://www.airbnb.com/rooms/1462779104714771234?adults=1&guests=1&check_in=2026-08-11&check_out=2026-08-13,,,,4,4,Preshet,False,,,,airbnb_data\Share_Save_1462779104714771234
1685980885442907568,Motel style Room 11,Bulawayo,"Share
Save",-20.213327863039545,28.585142460346578,https://www.airbnb.com/rooms/1685980885442907568,https://www.airbnb.com/rooms/1685980885442907568?adults=1&guests=1&check_in=2026-08-11&check_out=2026-08-13,September 2026,,,,,Promise,True,https://www.airbnb.com/contact_host/1685980885442907568/send_message?adults=1&check_in=2026-08-11&check_out=2026-08-13,,"About this space
Neat and modest room in a quiet surbub equipped with:

Hot shower
Mini bar fridge
Closet
Dedicated workspace
Queen bed
Kitchenette
*A full kitchen is also available ,though it is shar",airbnb_data\Share_Save_1685980885442907568
864463014830728598,Cozy Bulawayo Studio with Key Amenities - Sleeps 3,Bulawayo,"Share
Save",-20.18173,28.59635,https://www.airbnb.com/rooms/864463014830728598,https://www.airbnb.com/rooms/864463014830728598?adults=1&guests=1&check_in=2026-08-11&check_out=2026-08-13,,,,,,Alice,True,https://www.airbnb.com/contact_host/864463014830728598/send_message?adults=1&check_in=2026-08-11&check_out=2026-08-13,,"About this space
Charming guest suite with private bathroom, kitchenette, and cozy sleep area. Enjoy a home-like experience with backup solar, borehole water, and Safeguard alarm security. Amenities i",airbnb_data\Share_Save_864463014830728598
48358182,Guest Suite 1,Bulawayo,"Share
Save",-20.1486,28.6312,https://www.airbnb.com/rooms/48358182,https://www.airbnb.com/rooms/48358182?adults=1&guests=1&check_in=2026-08-11&check_out=2026-08-13,,,,,,Mwarinda,False,,,,airbnb_data\Share_Save_48358182
1672545777544429918,"The House of Peace 2, near City Centre - Bulawayo",Bulawayo,"Share
Save",-20.142607791995538,28.59570906387496,https://www.airbnb.com/rooms/1672545777544429918,https://www.airbnb.com/rooms/1672545777544429918?adults=1&guests=1&check_in=2026-08-11&check_out=2026-08-13,,,,,,Nothando,True,,,,airbnb_data\Share_Save_1672545777544429918
1731344458576442619,Evernest Retreat | A Modern Oasis | Solar l Wi-Fi,Bulawayo,"Share
Save",-20.0911,28.6393,https://www.airbnb.com/rooms/1731344458576442619,https://www.airbnb.com/rooms/1731344458576442619?adults=1&guests=1&check_in=2026-08-11&check_out=2026-08-13,September 2026,,,,,Rumbi,False,https://www.airbnb.com/contact_host/1731344458576442619/send_message?adults=1&check_in=2026-08-11&check_out=2026-08-13,,,airbnb_data\Share_Save_1731344458576442619
47278323,Place on Oak 4,Bulawayo,"Share
Save",-20.16548,28.5931,https://www.airbnb.com/rooms/47278323,https://www.airbnb.com/rooms/47278323?adults=1&guests=1&check_in=2026-08-11&check_out=2026-08-13,September 2026,,,,,Mandy,True,https://www.airbnb.com/contact_host/47278323/send_message?adults=1&check_in=2026-08-11&check_out=2026-08-13,,"About this space
The Place on Oak is nestled in a cozy location in Suburbs, Bulawayo, 800m away from the City Centre. Ideal to refresh and relax whether on holiday or on business. An ideal home away f",airbnb_data\Share_Save_47278323
1031120592199964968,salcomb guest house,Bulawayo,"Share
Save",-20.1769,28.5952,https://www.airbnb.com/rooms/1031120592199964968,https://www.airbnb.com/rooms/1031120592199964968?adults=1&guests=1&check_in=2026-08-11&check_out=2026-08-13,September 2026,,,,,Petty,True,https://www.airbnb.com/contact_host/1031120592199964968/send_message?adults=1&check_in=2026-08-11&check_out=2026-08-13,,"Rated 4.77 out of 5 stars.
4.77
How reviews work
How reviews work
5 of 7 items showing
Overall rating
5 stars, 79% of reviews
5
4 stars, 19% of reviews
4
3 stars, 2% of reviews
3
2 stars, 0% of review",airbnb_data\Share_Save_1031120592199964968
1488954130297118028,Mizubnb Room 1,Bulawayo,"Share
Save",-20.143812781695676,28.584723699535544,https://www.airbnb.com/rooms/1488954130297118028,https://www.airbnb.com/rooms/1488954130297118028?adults=1&guests=1&check_in=2026-08-11&check_out=2026-08-13,September 2026,,,,,Henry,False,https://www.airbnb.com/contact_host/1488954130297118028/send_message?adults=1&check_in=2026-08-11&check_out=2026-08-13,Your price is below the 60-day average,"Your price is below the 60-day average
Your price is below the 60-day average
Your price is below the 60-day average
Your price is below the 60-day average
Your price is below the 60-day average
Your ",airbnb_data\Share_Save_1488954130297118028
1050192923941301373,Mamoe's Chateau in Mahatshula 3 Bedrooms,Bulawayo,"Share
Save",-20.1144,28.6328,https://www.airbnb.com/rooms/1050192923941301373,https://www.airbnb.com/rooms/1050192923941301373?adults=1&guests=1&check_in=2026-08-11&check_out=2026-08-13,September 2026,,,,,Precious,False,https://www.airbnb.com/contact_host/1050192923941301373/send_message?adults=1&check_in=2026-08-11&check_out=2026-08-13,,"About this space
This spacious 3-bedroom house offers a comfortable and convenient living experience. It features 3 cozy bedrooms, 2 bathrooms, and an open living space with a TV & WiFi perfect for en",airbnb_data\Share_Save_1050192923941301373
1060141771651609722,Ascot Condo,Bulawayo,"Share
Save",-20.16325,28.61122,https://www.airbnb.com/rooms/1060141771651609722,https://www.airbnb.com/rooms/1060141771651609722?adults=1&guests=1&check_in=2026-08-11&check_out=2026-08-13,September 2026,,,,,Sikhonzile,True,https://www.airbnb.com/contact_host/1060141771651609722/send_message?adults=1&check_in=2026-08-11&check_out=2026-08-13,,"Rated 4.81 out of 5 stars.
4.81
How reviews work
How reviews work
5 of 7 items showing
Overall rating
5 stars, 86% of reviews
5
4 stars, 8% of reviews
4
3 stars, 6% of reviews
3
2 stars, 0% of reviews",airbnb_data\Share_Save_1060141771651609722
1400871258717421872,Poddy's Villa,Bulawayo,"Share
Save",-20.182514148464566,28.62452394884468,https://www.airbnb.com/rooms/1400871258717421872,https://www.airbnb.com/rooms/1400871258717421872?adults=1&guests=1&check_in=2026-08-11&check_out=2026-08-13,September 2026,,,,,Lungile,True,https://www.airbnb.com/contact_host/1400871258717421872/send_message?adults=1&check_in=2026-08-11&check_out=2026-08-13,,"Rated 4.84 out of 5 from 32 reviews.
4.84
Guest favorite
This home is a guest favorite based on ratings, reviews, and reliability
How reviews work
How reviews work
5 of 7 items showing
Overall rating
",airbnb_data\Share_Save_1400871258717421872
1482045493837348834,Tamalia’s Place,Bulawayo,"Share
Save",-20.18644560483,28.600863689505196,https://www.airbnb.com/rooms/1482045493837348834,https://www.airbnb.com/rooms/1482045493837348834?adults=1&guests=1&check_in=2026-08-11&check_out=2026-08-13,September 2026,,,,,Tayesa,True,https://www.airbnb.com/contact_host/1482045493837348834/send_message?adults=1&check_in=2026-08-11&check_out=2026-08-13,,"Rated 5.0 out of 5 from 6 reviews.
5.0
Guest favorite
This home is a guest favorite based on ratings, reviews, and reliability
How reviews work
How reviews work
5 of 7 items showing
Overall rating
5 s",airbnb_data\Share_Save_1482045493837348834
9753471,Chaparral Lodges,Bulawayo,"Share
Save",-20.22657,28.76079,https://www.airbnb.com/rooms/9753471,https://www.airbnb.com/rooms/9753471?adults=1&guests=1&check_in=2026-08-11&check_out=2026-08-13,,,,,,Lesley,False,https://www.airbnb.com/contact_host/9753471/send_message?adults=1&check_in=2026-08-11&check_out=2026-08-13,,"About this space
Unique Safari-style lodges on the outskirts of Bulawayo within easy reach of Chipangali Wildlife Orphanage and the main Bulawayo /Johannesburg highway.

The space
Chaparral lodges are",airbnb_data\Share_Save_9753471
1726120074783326417,Sunview Spacious,Bulawayo,"Share
Save",-20.1948,28.5986,https://www.airbnb.com/rooms/1726120074783326417,https://www.airbnb.com/rooms/1726120074783326417?adults=1&guests=1&check_in=2026-08-11&check_out=2026-08-13,Hosted by Never 6 years hosting,,,,,Never,False,https://www.airbnb.com/contact_host/1726120074783326417/send_message?adults=1&check_in=2026-08-11&check_out=2026-08-13,,,airbnb_data\Share_Save_1726120074783326417
889840434521852442,MaMush Guest House,Bulawayo,"Share
Save",-20.144,28.6005,https://www.airbnb.com/rooms/889840434521852442,https://www.airbnb.com/rooms/889840434521852442?adults=1&guests=1&check_in=2026-08-11&check_out=2026-08-13,$212,212.0,USD,,,Faith,False,,,,airbnb_data\Share_Save_889840434521852442
933689590213294072,Darrel’s Luxury Apartment,Bulawayo,"Share
Save",-20.14804,28.58874,https://www.airbnb.com/rooms/933689590213294072,https://www.airbnb.com/rooms/933689590213294072?adults=1&guests=1&check_in=2026-08-11&check_out=2026-08-13,September 2026,,,,,Kudakwashe,False,https://www.airbnb.com/contact_host/933689590213294072/send_message?adults=1&check_in=2026-08-11&check_out=2026-08-13,,"About this space
Enjoy a stylish experience at this centrally-located apartment that is 21kms (13 miles) away from the BUQ International Airport and 35kms (22 miles) from Matopos National Park. It is ",airbnb_data\Share_Save_933689590213294072
1396439573021085844,Mia & Wes 1BR Cabin | Sleeps 4 | Near Matobo Park!,Bulawayo,"Share
Save",-20.22510808396647,28.57785648860305,https://www.airbnb.com/rooms/1396439573021085844,https://www.airbnb.com/rooms/1396439573021085844?adults=1&guests=1&check_in=2026-08-11&check_out=2026-08-13,$88,88.0,USD,,,Pashy,True,https://www.airbnb.com/contact_host/1396439573021085844/send_message?adults=1&check_in=2026-08-11&check_out=2026-08-13,,,airbnb_data\Share_Save_1396439573021085844
1694355731857035007,Feels Like Home!,Bulawayo,"Share
Save",-20.172400880161206,28.58330685487006,https://www.airbnb.com/rooms/1694355731857035007,https://www.airbnb.com/rooms/1694355731857035007?adults=1&guests=1&check_in=2026-08-11&check_out=2026-08-13,,,,,,Shami,False,https://www.airbnb.com/contact_host/1694355731857035007/send_message?adults=1&check_in=2026-08-11&check_out=2026-08-13,,,airbnb_data\Share_Save_1694355731857035007
1546238661298088322,Amoraziz Guest house (1),Bulawayo,"Share
Save",-20.18661,28.64057,https://www.airbnb.com/rooms/1546238661298088322,https://www.airbnb.com/rooms/1546238661298088322?adults=1&guests=1&check_in=2026-08-11&check_out=2026-08-13,$58,58.0,USD,,,Sharon,False,https://www.airbnb.com/contact_host/1546238661298088322/send_message?adults=1&check_in=2026-08-11&check_out=2026-08-13,,"About this space
Relax and enjoy your space/room inside our cozy home with a bedroom with ensuite and access to other common shared areas beautiful views and close to CBD,ZITF, NUST ,Zonkiziwe Shoppin",airbnb_data\Share_Save_1546238661298088322
1354885888830835384,Comfort Inn Bed and Breakfast_Cream Room,Bulawayo,"Share
Save",-20.1438,28.6281,https://www.airbnb.com/rooms/1354885888830835384,https://www.airbnb.com/rooms/1354885888830835384?adults=1&guests=1&check_in=2026-08-11&check_out=2026-08-13,$94,94.0,USD,,,Ruramisai,False,https://www.airbnb.com/contact_host/1354885888830835384/send_message?adults=1&check_in=2026-08-11&check_out=2026-08-13,,,airbnb_data\Share_Save_1354885888830835384
1678156948412723324,"3 Bedroom Private Home | Garden, BBQ Area & Solar",Bulawayo,"Share
Save",-20.099417958267296,28.552532825216208,https://www.airbnb.com/rooms/1678156948412723324,https://www.airbnb.com/rooms/1678156948412723324?adults=1&guests=1&check_in=2026-08-11&check_out=2026-08-13,$152,152.0,USD,,,Sukoluhle,False,https://www.airbnb.com/contact_host/1678156948412723324/send_message?adults=1&check_in=2026-08-11&check_out=2026-08-13,,,airbnb_data\Share_Save_1678156948412723324
1695611769564543010,(POOL)Twin Room,Bulawayo,"Share
Save",-20.2127261316133,28.602536343493608,https://www.airbnb.com/rooms/1695611769564543010,https://www.airbnb.com/rooms/1695611769564543010?adults=1&guests=1&check_in=2026-08-11&check_out=2026-08-13,$58,58.0,USD,,,,False,https://www.airbnb.com/contact_host/1695611769564543010/send_message?adults=1&check_in=2026-08-11&check_out=2026-08-13,,,airbnb_data\Share_Save_1695611769564543010
876823622283553789,Peaceful updated farm house in town,Bulawayo,"Share
Save",-20.20593,28.58911,https://www.airbnb.com/rooms/876823622283553789,https://www.airbnb.com/rooms/876823622283553789?adults=1&guests=1&check_in=2026-08-11&check_out=2026-08-13,,,,,,Janelle,True,https://www.airbnb.com/contact_host/876823622283553789/send_message?adults=1&check_in=2026-08-11&check_out=2026-08-13,,"About this space
Perfect for families or groups, enjoy this spacious fully renovated farmhouse in a huge 4 acre garden. Four bedrooms with option to book an additional en-suite flat with kitchenette a",airbnb_data\Share_Save_876823622283553789
53934598,Room 6 Comfortable Abode with ample space,Bulawayo,"Share
Save",-20.21404,28.58421,https://www.airbnb.com/rooms/53934598,https://www.airbnb.com/rooms/53934598?adults=1&guests=1&check_in=2026-08-11&check_out=2026-08-13,$87,87.0,USD,,,Promise,True,https://www.airbnb.com/contact_host/53934598/send_message?adults=1&check_in=2026-08-11&check_out=2026-08-13,,"About this space
Forget your worries in this spacious and serene space located in Fourwinds .

With a backup power system in case of load shedding.
Free Internet WiFi
Shower & bath
Kitchenette with 4 ",airbnb_data\Share_Save_53934598
1481947298670175418,iNala Urban Guesthouse,Bulawayo,"Share
Save",-20.17566,28.59235,https://www.airbnb.com/rooms/1481947298670175418,https://www.airbnb.com/rooms/1481947298670175418?adults=1&guests=1&check_in=2026-08-11&check_out=2026-08-13,,,,,,Rumbidzai,False,https://www.airbnb.com/contact_host/1481947298670175418/send_message?adults=1&check_in=2026-08-11&check_out=2026-08-13,,"Rated 5 out of 5 stars.
5.0
How reviews work
How reviews work
5 of 7 items showing
Overall rating
5 stars, 100% of reviews
5
4 stars, 0% of reviews
4
3 stars, 0% of reviews
3
2 stars, 0% of reviews
2
",airbnb_data\Share_Save_1481947298670175418
911563176584659023,21 Brown Crescent,Bulawayo,"Share
Save",-20.128,28.5961,https://www.airbnb.com/rooms/911563176584659023,https://www.airbnb.com/rooms/911563176584659023?adults=1&guests=1&check_in=2026-08-11&check_out=2026-08-13,$238,238.0,USD,,,Anele,False,https://www.airbnb.com/contact_host/911563176584659023/send_message?adults=1&check_in=2026-08-11&check_out=2026-08-13,,"About this space
Three bedroomed house (MES) in a quiet neighborhood with a mid sized pool. Offers high speed uncapped wifi and two bedrooms are equipped with smart TVs with Netflix access. Comfortabl",airbnb_data\Share_Save_911563176584659023
1226530216341668596,Mizubnb room 2,Bulawayo,"Share
Save",-20.1445,28.5841,https://www.airbnb.com/rooms/1226530216341668596,https://www.airbnb.com/rooms/1226530216341668596?adults=1&guests=1&check_in=2026-08-11&check_out=2026-08-13,$72,72.0,USD,,,Henry,False,https://www.airbnb.com/contact_host/1226530216341668596/send_message?adults=1&check_in=2026-08-11&check_out=2026-08-13,Your price is below the 60-day average,"Your price is below the 60-day average
Your price is below the 60-day average
Your price is below the 60-day average
Your price is below the 60-day average
Your price is below the 60-day average
Your ",airbnb_data\Share_Save_1226530216341668596
1396350390703142952,The Black Roof House,Bulawayo,"Share
Save",-20.12275,28.63862,https://www.airbnb.com/rooms/1396350390703142952,https://www.airbnb.com/rooms/1396350390703142952?adults=1&guests=1&check_in=2026-08-11&check_out=2026-08-13,$125,125.0,USD,,,Thamsanqa,True,,,,airbnb_data\Share_Save_1396350390703142952
1393994759733616815,The Luxe CityScape 1 bed Apt,Bulawayo,"Share
Save",-20.158420821493152,28.587984119609835,https://www.airbnb.com/rooms/1393994759733616815,https://www.airbnb.com/rooms/1393994759733616815?adults=1&guests=1&check_in=2026-08-11&check_out=2026-08-13,$163,163.0,USD,,,Tariro,True,,,,airbnb_data\Share_Save_1393994759733616815
1689159220221599145,Kennedy Suite Villa,Bulawayo,"Share
Save",-20.18631656908474,28.62079752300614,https://www.airbnb.com/rooms/1689159220221599145,https://www.airbnb.com/rooms/1689159220221599145?adults=1&guests=1&check_in=2026-08-11&check_out=2026-08-13,$330,330.0,USD,,,Shelta Tabita,False,https://www.airbnb.com/contact_host/1689159220221599145/send_message?adults=1&check_in=2026-08-11&check_out=2026-08-13,,,airbnb_data\Share_Save_1689159220221599145
48877880,Queen Bulawayo Villa suite 3,Bulawayo,"Share
Save",-20.16399,28.5965,https://www.airbnb.com/rooms/48877880,https://www.airbnb.com/rooms/48877880?adults=1&guests=1&check_in=2026-08-11&check_out=2026-08-13,$130,130.0,USD,,,Ndlovukazi Bulawayo Villa,False,,,,airbnb_data\Share_Save_48877880
1568155897551478299,Unit 12 @ Leander villas,Bulawayo,"Share
Save",-20.18836,28.60779,https://www.airbnb.com/rooms/1568155897551478299,https://www.airbnb.com/rooms/1568155897551478299?adults=1&guests=1&check_in=2026-08-11&check_out=2026-08-13,$245,245.0,USD,,,Nomvuyo,False,https://www.airbnb.com/contact_host/1568155897551478299/send_message?adults=1&check_in=2026-08-11&check_out=2026-08-13,,,airbnb_data\Share_Save_1568155897551478299
29028839,"Perfectly Located, Modern Apartment with Private Garden",Beitbridge,"Share
Save",-33.9087,18.3995,https://www.airbnb.com/rooms/29028839,https://www.airbnb.com/rooms/29028839?adults=1&guests=1&check_in=2026-08-11&check_out=2026-08-13,,,,,,Armand And Nelio,True,https://www.airbnb.com/contact_host/29028839/send_message?adults=1&check_in=2026-08-11&check_out=2026-08-13,,"About this space
Feel welcomed and relax in this beautiful garden apartment with a contemporary feel. Offering a perfect blend of modern comfort and style. Ideal for couples, friends and small familie",airbnb_data\Share_Save_29028839
1486843303395012881,76b on Atholl,Chiredzi,"Share
Save",-26.115,28.0635,https://www.airbnb.com/rooms/1486843303395012881,https://www.airbnb.com/rooms/1486843303395012881?adults=1&guests=1&check_in=2026-08-11&check_out=2026-08-13,"Private pool - available all year, open 24 hours",,,,,Nomsa,True,https://www.airbnb.com/contact_host/1486843303395012881/send_message?adults=1&check_in=2026-08-11&check_out=2026-08-13,Your price is below the 60-day average,"Your price is below the 60-day average
Your price is below the 60-day average
Your price is below the 60-day average
Your price is below the 60-day average
Your price is below the 60-day average
Your ",airbnb_data\Share_Save_1486843303395012881
1711678029298015770,Khaya Lethu — Your Home Away From Home,Chiredzi,"Share
Save",-29.7889,31.0261,https://www.airbnb.com/rooms/1711678029298015770,https://www.airbnb.com/rooms/1711678029298015770?adults=1&guests=1&check_in=2026-08-11&check_out=2026-08-13,$420,420.0,USD,,,Sibonokuhle,False,https://www.airbnb.com/contact_host/1711678029298015770/send_message?adults=1&check_in=2026-08-11&check_out=2026-08-13,,,airbnb_data\Share_Save_1711678029298015770
1310383184493646428,Stay tuned,Chiredzi,,,,https://www.airbnb.com/rooms/1310383184493646428,https://www.airbnb.com/rooms/1310383184493646428?adults=1&guests=1&check_in=2026-08-11&check_out=2026-08-13,,,,,,,False,,,,airbnb_data\Stay_tuned_1310383184493646428
1636917533396142596,Serene Home MeanwoodIbex,Chiredzi,"Share
Save",-15.4032,28.4222,https://www.airbnb.com/rooms/1636917533396142596,https://www.airbnb.com/rooms/1636917533396142596?adults=1&guests=1&check_in=2026-08-11&check_out=2026-08-13,September 2026,,,,,Jack,False,https://www.airbnb.com/contact_host/1636917533396142596/send_message?adults=1&check_in=2026-08-11&check_out=2026-08-13,Rare find! This place is usually booked,"Rare find! This place is usually booked
Rare find! This place is usually booked
Rare find! This place is usually booked
Rare find! This place is usually booked
Rare find! This place is usually booked
",airbnb_data\Share_Save_1636917533396142596
1215592822293532725,Savannah Breeze Sea View & Escape,Chiredzi,"Share
Save",-29.8652,31.0429,https://www.airbnb.com/rooms/1215592822293532725,https://www.airbnb.com/rooms/1215592822293532725?adults=1&guests=1&check_in=2026-08-11&check_out=2026-08-13,September 2026,,,,,Hossana,True,https://www.airbnb.com/contact_host/1215592822293532725/send_message?adults=1&check_in=2026-08-11&check_out=2026-08-13,Rare find! This place is usually booked,"Rare find! This place is usually booked
Rare find! This place is usually booked
Rare find! This place is usually booked
Rare find! This place is usually booked
Rare find! This place is usually booked
",airbnb_data\Share_Save_1215592822293532725
1377232436342373497,Immaculate 3 bedroom apartment in 262 Florida Road,Chiredzi,"Share
Save",-29.8305,31.0136,https://www.airbnb.com/rooms/1377232436342373497,https://www.airbnb.com/rooms/1377232436342373497?adults=1&guests=1&check_in=2026-08-11&check_out=2026-08-13,"Shared outdoor pool - available all year, open specific hours, infinity",,,,,Kavita,False,https://www.airbnb.com/contact_host/1377232436342373497/send_message?adults=1&check_in=2026-08-11&check_out=2026-08-13,Rare find! This place is usually booked,"Rare find! This place is usually booked
Rare find! This place is usually booked
Rare find! This place is usually booked
Rare find! This place is usually booked
Rare find! This place is usually booked
",airbnb_data\Share_Save_1377232436342373497
53588647,Lovely 2-Bedroom Off Thabo Mbeki Road,Chiredzi,"Share
Save",-15.4036,28.324,https://www.airbnb.com/rooms/53588647,https://www.airbnb.com/rooms/53588647?adults=1&guests=1&check_in=2026-08-11&check_out=2026-08-13,,,,,,Mutale,True,https://www.airbnb.com/contact_host/53588647/send_message?adults=1&check_in=2026-08-11&check_out=2026-08-13,,"Rated 4.75 out of 5 stars.
4.75
How reviews work
How reviews work
5 of 7 items showing
Overall rating
5 stars, 84% of reviews
5
4 stars, 12% of reviews
4
3 stars, 0% of reviews
3
2 stars, 2% of review",airbnb_data\Share_Save_53588647
1565200795428135558,Stay tuned,Chiredzi,,,,https://www.airbnb.com/rooms/1565200795428135558,https://www.airbnb.com/rooms/1565200795428135558?adults=1&guests=1&check_in=2026-08-11&check_out=2026-08-13,,,,,,,False,,,,airbnb_data\Stay_tuned_1565200795428135558
1521793457007094699,Kese Apartments,Chiredzi,"Share
Save",-15.3609,28.3651,https://www.airbnb.com/rooms/1521793457007094699,https://www.airbnb.com/rooms/1521793457007094699?adults=1&guests=1&check_in=2026-08-11&check_out=2026-08-13,$105,105.0,USD,,,Chiweme,False,,,,airbnb_data\Share_Save_1521793457007094699
19818696,"1 Bed, WIFI, Netflix, Prime Video, DSTV Stream",Chiredzi,"Share
Save",-29.8715,31.05127,https://www.airbnb.com/rooms/19818696,https://www.airbnb.com/rooms/19818696?adults=1&guests=1&check_in=2026-08-11&check_out=2026-08-13,September 2026,,,,,Carmen,True,https://www.airbnb.com/contact_host/19818696/send_message?adults=1&check_in=2026-08-11&check_out=2026-08-13,Rare find! This place is usually booked,"Rare find! This place is usually booked
Rare find! This place is usually booked
Rare find! This place is usually booked
Rare find! This place is usually booked
Rare find! This place is usually booked
",airbnb_data\Share_Save_19818696
1528367820048017639,Balgowan Penthouse 6,Chiredzi,"Share
Save",-15.4074,28.3121,https://www.airbnb.com/rooms/1528367820048017639,https://www.airbnb.com/rooms/1528367820048017639?adults=1&guests=1&check_in=2026-08-11&check_out=2026-08-13,September 2026,,,,,Balgowan,True,https://www.airbnb.com/contact_host/1528367820048017639/send_message?adults=1&check_in=2026-08-11&check_out=2026-08-13,Your price is below the 60-day average,"Your price is below the 60-day average
Your price is below the 60-day average
Your price is below the 60-day average
Your price is below the 60-day average
Your price is below the 60-day average
Your ",airbnb_data\Share_Save_1528367820048017639
1677118160583189715,LUX 3BR Retreat | 24/7 Solar & Security | Sleeps 8,Chiredzi,"Share
Save",-15.41688,28.37373,https://www.airbnb.com/rooms/1677118160583189715,https://www.airbnb.com/rooms/1677118160583189715?adults=1&guests=1&check_in=2026-08-11&check_out=2026-08-13,,,,,,Asim,False,,,,airbnb_data\Share_Save_1677118160583189715
46850141,The Hidden Lookout (Green Room),Chiredzi,"Share
Save",-29.85074,30.89994,https://www.airbnb.com/rooms/46850141,https://www.airbnb.com/rooms/46850141?adults=1&guests=1&check_in=2026-08-11&check_out=2026-08-13,September 2026,,,,,Tam-Grant,True,https://www.airbnb.com/contact_host/46850141/send_message?adults=1&check_in=2026-08-11&check_out=2026-08-13,,"About this space
This modern, creative space is one of two hidden gems in the leafy suburb of Westville (also see Yellow Room at The Hidden Lookout)
Up high in the trees, our space is a tranquil, beau",airbnb_data\Share_Save_46850141
1600508403559891710,The Luxe Studio,Chiredzi,"Share
Save",-15.38783371479455,28.316073373768464,https://www.airbnb.com/rooms/1600508403559891710,https://www.airbnb.com/rooms/1600508403559891710?adults=1&guests=1&check_in=2026-08-11&check_out=2026-08-13,$97,97.0,USD,,,Vee,False,https://www.airbnb.com/contact_host/1600508403559891710/send_message?adults=1&check_in=2026-08-11&check_out=2026-08-13,,,airbnb_data\Share_Save_1600508403559891710
691675132207863682,Cottage on Carleton Musgrave Durban fee 1 guest,Chiredzi,"Share
Save",-29.8327,31.0072,https://www.airbnb.com/rooms/691675132207863682,https://www.airbnb.com/rooms/691675132207863682?adults=1&guests=1&check_in=2026-08-11&check_out=2026-08-13,"Private outdoor pool - available all year, open 24 hours, saltwater",,,,,Bronwyn,True,https://www.airbnb.com/contact_host/691675132207863682/send_message?adults=1&check_in=2026-08-11&check_out=2026-08-13,Rare find! This place is usually booked,"Rare find! This place is usually booked
Rare find! This place is usually booked
Rare find! This place is usually booked
Rare find! This place is usually booked
Rare find! This place is usually booked
",airbnb_data\Share_Save_691675132207863682
1437723346769646794,Naya at Meanwood,Chiredzi,"Share
Save",-15.3976,28.4225,https://www.airbnb.com/rooms/1437723346769646794,https://www.airbnb.com/rooms/1437723346769646794?adults=1&guests=1&check_in=2026-08-11&check_out=2026-08-13,September 2026,,,,,Nangoyi,False,https://www.airbnb.com/contact_host/1437723346769646794/send_message?adults=1&check_in=2026-08-11&check_out=2026-08-13,Rare find! This place is usually booked,"Rare find! This place is usually booked
Rare find! This place is usually booked
Rare find! This place is usually booked
Rare find! This place is usually booked
Rare find! This place is usually booked
",airbnb_data\Share_Save_1437723346769646794
1551406669968392969,Ocean Luxury at The Quays (2/4 sleeper),Chiredzi,"Share
Save",-29.8702,31.0494,https://www.airbnb.com/rooms/1551406669968392969,https://www.airbnb.com/rooms/1551406669968392969?adults=1&guests=1&check_in=2026-08-11&check_out=2026-08-13,September 2026,,,,,Sean,True,https://www.airbnb.com/contact_host/1551406669968392969/send_message?adults=1&check_in=2026-08-11&check_out=2026-08-13,,,airbnb_data\Share_Save_1551406669968392969
